iter_index,time,Tl_207,Pb_207,Pb_211,Bi_211,Bi_215,Po_211,Po_215,At_219,Rn_219,Fr_223,Ra_223,Ac_227,Th_227,Th_231,Pa_231,U_235
0,0,0,0,0,0,0,0,0,2301,3012,2123,0,0,0,0,0,0
10,0.01,2.27819,0.0661128,3045.28,27.0423,752.107,0.000293503,0.00864619,1473.53,12.6907,2083.24,39.7534,0,0,0,0,0
20,0.02,9.76322,0.578968,3106.22,54.493,1193.7,0.000599483,0.00673699,943.631,4.61321,2044.23,78.7613,0,0,0,0,0
30,0.03,21.3069,1.94351,3166.24,77.7133,1438.57,0.000858287,0.0069445,604.29,2.94806,2005.95,117.038,0,0,0,0,0
40,0.04,35.8593,4.46402,3226.87,97.4665,1559.48,0.00107842,0.00694009,386.981,1.8882,1968.39,154.596,0,0,0,0,0
50,0.05,52.5852,8.36333,3285.76,114.358,1602.92,0.00126665,0.00680456,247.819,1.20955,1931.53,191.451,0,0,0,0,0
60,0.06,70.8185,13.7994,3341.5,128.866,1598.57,0.0014283,0.00659211,158.702,0.775001,1895.35,227.614,0,0,0,0,0
70,0.07,90.0286,20.8785,3393.31,141.375,1565.31,0.00156767,0.0063371,101.632,0.496771,1859.86,263.099,0,0,0,0,0
80,0.08,109.793,29.6656,3440.81,152.194,1515.18,0.0016882,0.00606118,65.0856,0.318644,1825.03,297.918,0,0,0,0,0
90,0.09,129.776,40.1931,3483.85,161.575,1455.77,0.00179271,0.00577785,41.6815,0.204622,1790.86,332.085,0,0,0,0,0
100,0.1,149.713,52.4673,3522.46,169.726,1391.87,0.00188351,0.00549547,26.6939,0.13165,1757.32,365.61,0,0,0,0,0
110,0.11,169.396,66.4741,3556.73,176.818,1326.47,0.00196251,0.00521906,17.096,0.0849663,1724.41,398.507,0,0,0,0,0
120,0.12,188.663,82.1835,3586.82,182.993,1261.43,0.0020313,0.00495157,10.9496,0.0551154,1692.12,430.787,0,0,0,0,0
130,0.13,207.392,99.5532,3612.9,188.371,1197.83,0.00209121,0.00469461,7.01352,0.0360434,1660.43,462.461,0,0,0,0,0
140,0.14,225.487,118.531,3635.19,193.052,1136.34,0.00214335,0.00444896,4.49287,0.0238732,1629.34,493.541,0,0,0,0,0
150,0.15,242.881,139.06,3653.88,197.119,1077.29,0.00218866,0.00421487,2.87865,0.0161221,1598.83,524.038,0,0,0,0,0
160,0.16,259.526,161.074,3669.18,200.645,1020.87,0.00222795,0.00399227,1.84489,0.0112,1568.89,553.963,0,0,0,0,0
170,0.17,275.39,184.508,3681.27,203.691,967.108,0.00226188,0.0037809,1.18287,0.00808895,1539.51,583.326,0,0,0,0,0
180,0.18,290.453,209.291,3690.36,206.31,915.995,0.00229106,0.00358038,0.758887,0.00613676,1510.68,612.139,0,0,0,0,0
190,0.19,304.708,235.354,3696.63,208.545,867.465,0.00231598,0.0033903,0.48735,0.004926,1482.39,640.411,0,0,0,0,0
200,0.2,318.155,262.625,3700.25,210.437,821.43,0.00233707,0.00321017,0.313436,0.00418929,1454.63,668.153,0,0,0,0,0
210,0.21,330.8,291.035,3701.38,212.019,777.79,0.00235471,0.00303952,0.202038,0.00375542,1427.39,695.374,0,0,0,0,0
220,0.22,342.656,320.514,3700.19,213.321,736.438,0.00236923,0.00287791,0.130675,0.00351478,1400.66,722.084,0,0,0,0,0
230,0.23,353.74,350.993,3696.82,214.369,697.264,0.00238092,0.00272485,0.0849521,0.00339719,1374.43,748.294,0,0,0,0,0
240,0.24,364.071,382.406,3691.41,215.185,660.162,0.00239004,0.00257992,0.0556472,0.00335771,1348.69,774.011,0,0,0,0,0
250,0.25,373.67,414.689,3684.1,215.79,625.025,0.0023968,0.00244269,0.0368583,0.00336757,1323.43,799.246,0,0,0,0,0
260,0.26,382.562,447.777,3675.02,216.202,591.754,0.00240142,0.00231276,0.0248025,0.00340838,1298.65,824.007,0,0,0,0,0
270,0.27,390.77,481.611,3664.27,216.436,560.25,0.00240407,0.00218974,0.0170598,0.00346836,1274.33,848.304,0,0,0,0,0
280,0.28,398.322,516.131,3651.98,216.509,530.422,0.00240491,0.00207327,0.0120795,0.00353997,1250.47,872.144,0,0,0,0,0
290,0.29,405.242,551.283,3638.26,216.432,502.18,0.00240409,0.001963,0.00886895,0.00361842,1227.05,895.537,0,0,0,0,0
300,0.3,411.557,587.011,3623.19,216.218,475.441,0.00240174,0.00185861,0.00679124,0.00370063,1204.07,918.491,0,0,0,0,0
310,0.31,417.293,623.264,3606.89,215.877,450.126,0.00239798,0.00175977,0.0054396,0.00378464,1181.52,941.014,0,0,0,0,0
320,0.32,422.475,659.993,3589.43,215.419,426.158,0.00239292,0.00166619,0.00455421,0.00386923,1159.4,963.115,0,0,0,0,0
330,0.33,427.13,697.15,3570.9,214.854,403.466,0.00238666,0.0015776,0.00396683,0.0039536,1137.69,984.8,0,0,0,0,0
340,0.34,431.281,734.691,3551.38,214.188,381.982,0.0023793,0.00149373,0.00357115,0.00403727,1116.38,1006.08,0,0,0,0,0
350,0.35,434.954,772.572,3530.96,213.431,361.642,0.00237091,0.00141433,0.00329832,0.00411994,1095.48,1026.96,0,0,0,0,0
360,0.36,438.171,810.753,3509.68,212.59,342.385,0.00236158,0.00133915,0.00310486,0.00420141,1074.96,1047.44,0,0,0,0,0
370,0.37,440.956,849.194,3487.64,211.67,324.154,0.00235138,0.00126798,0.00296201,0.00428158,1054.83,1067.55,0,0,0,0,0
380,0.38,443.331,887.861,3464.88,210.677,306.893,0.00234037,0.0012006,0.00285285,0.0043604,1035.08,1087.27,0,0,0,0,0
390,0.39,445.317,926.716,3441.46,209.618,290.552,0.00232862,0.00113681,0.00276458,0.00443783,1015.7,1106.63,0,0,0,0,0
400,0.4,446.935,965.728,3417.46,208.498,275.08,0.00231619,0.00107642,0.00269057,0.00451387,996.675,1125.62,0,0,0,0,0
410,0.41,448.205,1004.87,3392.9,207.321,260.433,0.00230313,0.00101924,0.0026261,0.00458852,978.011,1144.25,0,0,0,0,0
420,0.42,449.145,1044.1,3367.86,206.093,246.565,0.0022895,0.000965114,0.00256772,0.00466179,959.696,1162.54,0,0,0,0,0
430,0.43,449.774,1083.4,3342.36,204.816,233.437,0.00227533,0.000913868,0.00251379,0.0047337,941.725,1180.48,0,0,0,0,0
440,0.44,450.109,1122.74,3316.47,203.496,221.007,0.00226068,0.000865352,0.002463,0.00480427,924.089,1198.08,0,0,0,0,0
450,0.45,450.168,1162.1,3290.21,202.136,209.239,0.00224558,0.00081942,0.00241445,0.00487353,906.785,1215.35,0,0,0,0,0
460,0.46,449.965,1201.45,3263.63,200.74,198.097,0.00223007,0.000775936,0.00236771,0.00494148,889.804,1232.3,0,0,0,0,0
470,0.47,449.518,1240.77,3236.77,199.31,187.549,0.0022142,0.000734768,0.00232238,0.00500816,873.141,1248.93,0,0,0,0,0
480,0.48,448.839,1280.04,3209.66,197.85,177.563,0.00219799,0.000695793,0.00227826,0.0050736,856.79,1265.25,0,0,0,0,0
490,0.49,447.944,1319.24,3182.32,196.363,168.108,0.00218148,0.000658895,0.00223519,0.0051378,840.745,1281.26,0,0,0,0,0
500,0.5,446.845,1358.36,3154.8,194.852,159.157,0.0021647,0.000623962,0.00219307,0.00520079,825.001,1296.97,0,0,0,0,0
510,0.51,445.555,1397.37,3127.13,193.318,150.682,0.00214766,0.000590891,0.00215184,0.00526261,809.552,1312.39,0,0,0,0,0
520,0.52,444.086,1436.25,3099.32,191.765,142.659,0.00213042,0.000559582,0.00211143,0.00532326,794.392,1327.52,0,0,0,0,0
530,0.53,442.45,1475,3071.41,190.194,135.063,0.00211297,0.000529941,0.00207183,0.00538277,779.516,1342.36,0,0,0,0,0
540,0.54,440.658,1513.61,3043.41,188.608,127.872,0.00209536,0.000501879,0.00203298,0.00544117,764.918,1356.92,0,0,0,0,0
550,0.55,438.719,1552.04,3015.35,187.009,121.063,0.0020776,0.000475312,0.00199489,0.00549847,750.594,1371.21,0,0,0,0,0
560,0.56,436.645,1590.31,2987.26,185.398,114.617,0.00205971,0.000450161,0.00195751,0.00555469,736.538,1385.23,0,0,0,0,0
570,0.57,434.444,1628.38,2959.14,183.777,108.514,0.00204171,0.00042635,0.00192084,0.00560985,722.745,1398.99,0,0,0,0,0
580,0.58,432.125,1666.26,2931.03,182.148,102.737,0.00202362,0.000403808,0.00188486,0.00566398,709.211,1412.48,0,0,0,0,0
590,0.59,429.696,1703.92,2902.93,180.513,97.2663,0.00200546,0.000382467,0.00184956,0.00571708,695.93,1425.73,0,0,0,0,0
600,0.6,427.167,1741.38,2874.87,178.873,92.0874,0.00198723,0.000362263,0.00181492,0.00576919,682.897,1438.72,0,0,0,0,0
610,0.61,424.544,1778.6,2846.85,177.228,87.1844,0.00196897,0.000343136,0.00178093,0.00582032,670.109,1451.47,0,0,0,0,0
620,0.62,421.834,1815.59,2818.89,175.581,82.5423,0.00195068,0.000325028,0.00174758,0.00587049,657.56,1463.99,0,0,0,0,0
630,0.63,419.045,1852.35,2791.01,173.933,78.1475,0.00193237,0.000307885,0.00171486,0.00591972,645.247,1476.26,0,0,0,0,0
640,0.64,416.183,1888.85,2763.22,172.284,73.9868,0.00191405,0.000291656,0.00168274,0.00596802,633.163,1488.31,0,0,0,0,0
650,0.65,413.253,1925.1,2735.52,170.636,70.0475,0.00189575,0.000276292,0.00165123,0.00601541,621.307,1500.12,0,0,0,0,0
660,0.66,410.263,1961.09,2707.93,168.99,66.318,0.00187746,0.000261746,0.00162031,0.00606191,609.672,1511.72,0,0,0,0,0
670,0.67,407.217,1996.82,2680.46,167.346,62.7871,0.0018592,0.000247976,0.00158997,0.00610753,598.255,1523.1,0,0,0,0,0
680,0.68,404.12,2032.28,2653.12,165.706,59.4442,0.00184098,0.00023494,0.00156019,0.0061523,587.051,1534.26,0,0,0,0,0
690,0.69,400.978,2067.47,2625.92,164.07,56.2793,0.0018228,0.000222598,0.00153097,0.00619622,576.058,1545.22,0,0,0,0,0
700,0.7,397.795,2102.38,2598.86,162.438,53.283,0.00180468,0.000210915,0.0015023,0.00623932,565.271,1555.96,0,0,0,0,0
710,0.71,394.576,2137.01,2571.95,160.813,50.4461,0.00178663,0.000199854,0.00147417,0.00628161,554.685,1566.51,0,0,0,0,0
720,0.72,391.324,2171.36,2545.2,159.193,47.7604,0.00176864,0.000189383,0.00144657,0.0063231,544.298,1576.86,0,0,0,0,0
730,0.73,388.044,2205.42,2518.62,157.581,45.2177,0.00175072,0.00017947,0.00141948,0.00636381,534.105,1587.01,0,0,0,0,0
740,0.74,384.74,2239.19,2492.2,155.976,42.8103,0.00173289,0.000170085,0.00139289,0.00640375,524.103,1596.97,0,0,0,0,0
750,0.75,381.414,2272.67,2465.96,154.378,40.5311,0.00171515,0.000161201,0.00136681,0.00644294,514.289,1606.74,0,0,0,0,0
760,0.76,378.07,2305.86,2439.9,152.789,38.3733,0.0016975,0.000152791,0.00134122,0.00648139,504.658,1616.33,0,0,0,0,0
770,0.77,374.711,2338.76,2414.03,151.209,36.3304,0.00167994,0.000144829,0.0013161,0.00651912,495.207,1625.74,0,0,0,0,0
780,0.78,371.34,2371.37,2388.34,149.638,34.3963,0.00166249,0.000137291,0.00129145,0.00655614,485.934,1634.97,0,0,0,0,0
790,0.79,367.96,2403.68,2362.85,148.077,32.5652,0.00164515,0.000130156,0.00126727,0.00659246,476.834,1644.03,0,0,0,0,0
800,0.8,364.573,2435.69,2337.55,146.525,30.8315,0.00162791,0.0001234,0.00124354,0.0066281,467.905,1652.92,0,0,0,0,0
810,0.81,361.182,2467.41,2312.45,144.984,29.1902,0.00161079,0.000117005,0.00122025,0.00666306,459.142,1661.64,0,0,0,0,0
820,0.82,357.789,2498.83,2287.55,143.453,27.6362,0.00159378,0.000110952,0.0011974,0.00669737,450.544,1670.19,0,0,0,0,0
830,0.83,354.397,2529.95,2262.85,141.933,26.165,0.0015769,0.000105221,0.00117498,0.00673103,442.107,1678.59,0,0,0,0,0
840,0.84,351.006,2560.78,2238.36,140.424,24.7722,0.00156013,9.97954e-05,0.00115297,0.00676406,433.828,1686.82,0,0,0,0,0
850,0.85,347.62,2591.31,2214.07,138.927,23.4535,0.00154349,9.46595e-05,0.00113138,0.00679646,425.704,1694.91,0,0,0,0,0
860,0.86,344.239,2621.54,2190,137.44,22.205,0.00152698,8.97975e-05,0.0011102,0.00682825,417.732,1702.83,0,0,0,0,0
870,0.87,340.866,2651.48,2166.13,135.965,21.023,0.00151059,8.5195e-05,0.00108941,0.00685945,409.909,1710.61,0,0,0,0,0
880,0.88,337.502,2681.13,2142.47,134.502,19.9039,0.00149434,8.0838e-05,0.001069,0.00689005,402.233,1718.25,0,0,0,0,0
890,0.89,334.148,2710.48,2119.03,133.051,18.8444,0.00147822,7.67134e-05,0.00104899,0.00692008,394.701,1725.73,0,0,0,0,0
900,0.9,330.807,2739.54,2095.8,131.612,17.8413,0.00146223,7.28089e-05,0.00102934,0.00694954,387.31,1733.08,0,0,0,0,0
910,0.91,327.478,2768.31,2072.78,130.185,16.8917,0.00144638,6.91128e-05,0.00101007,0.00697845,380.057,1740.29,0,0,0,0,0
920,0.92,324.163,2796.79,2049.98,128.77,15.9926,0.00143066,6.56138e-05,0.000991151,0.00700681,372.939,1747.36,0,0,0,0,0
930,0.93,320.864,2824.97,2027.39,127.367,15.1413,0.00141507,6.23017e-05,0.00097259,0.00703463,365.956,1754.3,0,0,0,0,0
940,0.94,317.581,2852.87,2005.01,125.977,14.3354,0.00139963,5.91663e-05,0.000954377,0.00706193,359.103,1761.11,0,0,0,0,0
950,0.95,314.316,2880.49,1982.85,124.599,13.5724,0.00138432,5.61982e-05,0.000936505,0.00708872,352.378,1767.79,0,0,0,0,0
960,0.96,311.068,2907.82,1960.9,123.234,12.85,0.00136915,5.33887e-05,0.000918968,0.007115,345.779,1774.34,0,0,0,0,0
970,0.97,307.84,2934.86,1939.16,121.881,12.1661,0.00135412,5.07291e-05,0.000901759,0.00714078,339.304,1780.77,0,0,0,0,0
980,0.98,304.631,2961.63,1917.64,120.541,11.5186,0.00133923,4.82114e-05,0.000884872,0.00716608,332.95,1787.08,0,0,0,0,0
990,0.99,301.442,2988.12,1896.33,119.213,10.9056,0.00132448,4.58283e-05,0.000868301,0.0071909,326.715,1793.27,0,0,0,0,0
1000,1,298.274,3014.32,1875.23,117.898,10.3252,0.00130987,4.35724e-05,0.000852041,0.00721525,320.597,1799.34,0,0,0,0,0
1010,1.01,295.128,3040.25,1854.34,116.595,9.77569,0.0012954,4.14369e-05,0.000836086,0.00723914,314.593,1805.3,0,0,0,0,0
1020,1.02,292.004,3065.91,1833.67,115.305,9.25546,0.00128106,3.94156e-05,0.000820429,0.00726258,308.702,1811.15,0,0,0,0,0
1030,1.03,288.903,3091.3,1813.2,114.027,8.76291,0.00126687,3.75022e-05,0.000805065,0.00728557,302.921,1816.88,0,0,0,0,0
1040,1.04,285.825,3116.41,1792.94,112.762,8.29659,0.00125281,3.5691e-05,0.000789989,0.00730813,297.248,1822.51,0,0,0,0,0
1050,1.05,282.77,3141.26,1772.89,111.509,7.85511,0.00123889,3.39767e-05,0.000775195,0.00733027,291.682,1828.03,0,0,0,0,0
1060,1.06,279.738,3165.84,1753.04,110.269,7.43712,0.00122512,3.23539e-05,0.000760679,0.00735198,286.22,1833.44,0,0,0,0,0
1070,1.07,276.731,3190.16,1733.4,109.041,7.04138,0.00121147,3.08178e-05,0.000746434,0.00737329,280.86,1838.76,0,0,0,0,0
1080,1.08,273.748,3214.22,1713.97,107.826,6.66672,0.00119797,2.93639e-05,0.000732456,0.00739419,275.6,1843.97,0,0,0,0,0
1090,1.09,270.79,3238.01,1694.73,106.622,6.312,0.0011846,2.79877e-05,0.000718739,0.0074147,270.439,1849.08,0,0,0,0,0
1100,1.1,267.857,3261.55,1675.7,105.431,5.97616,0.00117137,2.6685e-05,0.00070528,0.00743482,265.375,1854.1,0,0,0,0,0
1110,1.11,264.949,3284.83,1656.87,104.253,5.65821,0.00115827,2.54521e-05,0.000692073,0.00745455,260.405,1859.02,0,0,0,0,0
1120,1.12,262.065,3307.86,1638.24,103.086,5.35717,0.00114531,2.4285e-05,0.000679112,0.00747392,255.529,1863.85,0,0,0,0,0
1130,1.13,259.208,3330.64,1619.8,101.931,5.07217,0.00113248,2.31804e-05,0.000666395,0.00749292,250.744,1868.59,0,0,0,0,0
1140,1.14,256.375,3353.17,1601.57,100.789,4.80233,0.00111979,2.21349e-05,0.000653916,0.00751156,246.048,1873.24,0,0,0,0,0
1150,1.15,253.568,3375.46,1583.52,99.6578,4.54686,0.00110722,2.11453e-05,0.00064167,0.00752984,241.441,1877.8,0,0,0,0,0
1160,1.16,250.787,3397.5,1565.67,98.5389,4.30499,0.00109479,2.02087e-05,0.000629654,0.00754778,236.919,1882.27,0,0,0,0,0
1170,1.17,248.032,3419.3,1548.01,97.4318,4.076,0.00108249,1.93222e-05,0.000617863,0.00756538,232.483,1886.66,0,0,0,0,0
1180,1.18,245.302,3440.86,1530.54,96.3364,3.85919,0.00107032,1.84832e-05,0.000606293,0.00758264,228.129,1890.96,0,0,0,0,0
1190,1.19,242.598,3462.18,1513.27,95.2525,3.65392,0.00105828,1.76891e-05,0.000594939,0.00759958,223.857,1895.19,0,0,0,0,0
1200,1.2,239.919,3483.26,1496.17,94.1802,3.45959,0.00104637,1.69376e-05,0.000583798,0.0076162,219.665,1899.33,0,0,0,0,0
1210,1.21,237.266,3504.11,1479.27,93.1193,3.2756,0.00103458,1.62263e-05,0.000572865,0.0076325,215.551,1903.4,0,0,0,0,0
1220,1.22,234.639,3524.74,1462.54,92.0698,3.10139,0.00102292,1.55531e-05,0.000562138,0.00764849,211.515,1907.39,0,0,0,0,0
1230,1.23,232.038,3545.13,1446,91.0316,2.93646,0.00101139,1.4916e-05,0.000551611,0.00766418,207.554,1911.3,0,0,0,0,0
1240,1.24,229.462,3565.3,1429.64,90.0045,2.78032,0.000999975,1.4313e-05,0.000541281,0.00767957,203.667,1915.14,0,0,0,0,0
1250,1.25,226.912,3585.24,1413.46,88.9885,2.63247,0.000988687,1.37424e-05,0.000531145,0.00769467,199.853,1918.9,0,0,0,0,0
1260,1.26,224.387,3604.96,1397.46,87.9836,2.4925,0.000977521,1.32024e-05,0.000521198,0.00770948,196.111,1922.6,0,0,0,0,0
1270,1.27,221.887,3624.46,1381.63,86.9895,2.35999,0.000966477,1.26913e-05,0.000511438,0.00772401,192.438,1926.22,0,0,0,0,0
1280,1.28,219.413,3643.75,1365.98,86.0062,2.23451,0.000955553,1.22077e-05,0.000501861,0.00773826,188.835,1929.77,0,0,0,0,0
1290,1.29,216.963,3662.82,1350.5,85.0337,2.11572,0.000944748,1.175e-05,0.000492463,0.00775225,185.298,1933.26,0,0,0,0,0
1300,1.3,214.539,3681.67,1335.19,84.0718,2.00326,0.000934061,1.13169e-05,0.000483241,0.00776597,181.828,1936.68,0,0,0,0,0
1310,1.31,212.14,3700.32,1320.05,83.1204,1.89677,0.000923491,1.09071e-05,0.000474191,0.00777942,178.423,1940.04,0,0,0,0,0
1320,1.32,209.765,3718.75,1305.08,82.1794,1.79596,0.000913037,1.05192e-05,0.000465311,0.00779262,175.082,1943.33,0,0,0,0,0
1330,1.33,207.415,3736.99,1290.28,81.2488,1.70051,0.000902697,1.01523e-05,0.000456598,0.00780557,171.804,1946.56,0,0,0,0,0
1340,1.34,205.09,3755.01,1275.64,80.3285,1.61014,0.000892472,9.805e-06,0.000448047,0.00781827,168.586,1949.73,0,0,0,0,0
1350,1.35,202.788,3772.84,1261.16,79.4183,1.52457,0.00088236,9.47642e-06,0.000439657,0.00783074,165.429,1952.83,0,0,0,0,0
1360,1.36,200.511,3790.46,1246.84,78.5181,1.44356,0.000872359,9.16553e-06,0.000431424,0.00784296,162.331,1955.88,0,0,0,0,0
1370,1.37,198.258,3807.88,1232.69,77.628,1.36687,0.000862469,8.87135e-06,0.000423345,0.00785495,159.291,1958.87,0,0,0,0,0
1380,1.38,196.029,3825.11,1218.69,76.7476,1.29425,0.000852688,8.59301e-06,0.000415417,0.00786671,156.308,1961.81,0,0,0,0,0
1390,1.39,193.823,3842.15,1204.85,75.8771,1.22549,0.000843016,8.32967e-06,0.000407638,0.00787825,153.381,1964.68,0,0,0,0,0
1400,1.4,191.641,3859,1191.16,75.0162,1.1604,0.000833452,8.08052e-06,0.000400004,0.00788957,150.509,1967.51,0,0,0,0,0
1410,1.41,189.483,3875.65,1177.63,74.1649,1.09876,0.000823994,7.84479e-06,0.000392513,0.00790067,147.691,1970.27,0,0,0,0,0
1420,1.42,187.347,3892.12,1164.25,73.3231,1.04041,0.000814641,7.62177e-06,0.000385163,0.00791156,144.925,1972.99,0,0,0,0,0
1430,1.43,185.234,3908.4,1151.02,72.4907,0.985164,0.000805393,7.41079e-06,0.00037795,0.00792224,142.211,1975.65,0,0,0,0,0
1440,1.44,183.144,3924.5,1137.94,71.6676,0.932853,0.000796248,7.2112e-06,0.000370872,0.00793272,139.548,1978.27,0,0,0,0,0
1450,1.45,181.077,3940.41,1125,70.8537,0.883326,0.000787205,7.02238e-06,0.000363927,0.007943,136.935,1980.83,0,0,0,0,0
1460,1.46,179.032,3956.15,1112.21,70.0489,0.836434,0.000778264,6.84377e-06,0.000357112,0.00795308,134.37,1983.34,0,0,0,0,0
1470,1.47,177.01,3971.71,1099.56,69.2531,0.792037,0.000769422,6.67481e-06,0.000350425,0.00796297,131.854,1985.81,0,0,0,0,0
1480,1.48,175.009,3987.09,1087.06,68.4663,0.749999,0.00076068,6.51498e-06,0.000343863,0.00797266,129.385,1988.23,0,0,0,0,0
1490,1.49,173.03,4002.3,1074.7,67.6883,0.710198,0.000752036,6.36381e-06,0.000337423,0.00798218,126.962,1990.6,0,0,0,0,0
1500,1.5,171.073,4017.34,1062.48,66.919,0.672516,0.000743489,6.22083e-06,0.000331105,0.00799151,124.584,1992.93,0,0,0,0,0
1510,1.51,169.137,4032.2,1050.39,66.1584,0.636835,0.000735038,6.08559e-06,0.000324904,0.00800066,122.251,1995.21,0,0,0,0,0
1520,1.52,167.223,4046.9,1038.45,65.4063,0.603053,0.000726683,5.95768e-06,0.00031882,0.00800964,119.962,1997.45,0,0,0,0,0
1530,1.53,165.33,4061.43,1026.63,64.6627,0.571068,0.000718421,5.83672e-06,0.000312849,0.00801844,117.716,1999.65,0,0,0,0,0
1540,1.54,163.457,4075.8,1014.95,63.9275,0.540784,0.000710253,5.72232e-06,0.000306991,0.00802708,115.511,2001.8,0,0,0,0,0
1550,1.55,161.605,4090.01,1003.41,63.2005,0.512109,0.000702176,5.61413e-06,0.000301242,0.00803555,113.348,2003.91,0,0,0,0,0
1560,1.56,159.774,4104.05,991.992,62.4818,0.484959,0.000694191,5.51183e-06,0.000295601,0.00804386,111.225,2005.98,0,0,0,0,0
1570,1.57,157.963,4117.93,980.705,61.7712,0.459254,0.000686296,5.4151e-06,0.000290065,0.00805201,109.143,2008.02,0,0,0,0,0
1580,1.58,156.172,4131.66,969.547,61.0687,0.434915,0.000678491,5.32363e-06,0.000284633,0.00806,107.099,2010.01,0,0,0,0,0
1590,1.59,154.401,4145.23,958.515,60.374,0.411868,0.000670773,5.23714e-06,0.000279303,0.00806784,105.093,2011.96,0,0,0,0,0
1600,1.6,152.65,4158.65,947.608,59.6873,0.390048,0.000663143,5.15537e-06,0.000274073,0.00807552,103.125,2013.88,0,0,0,0,0
1610,1.61,150.918,4171.92,936.825,59.0083,0.369388,0.000655599,5.07807e-06,0.00026894,0.00808306,101.194,2015.76,0,0,0,0,0
1620,1.62,149.205,4185.03,926.164,58.337,0.349826,0.000648141,5.00499e-06,0.000263904,0.00809046,99.299,2017.6,0,0,0,0,0
1630,1.63,147.512,4198,915.625,57.6733,0.331302,0.000640767,4.93591e-06,0.000258962,0.00809771,97.4395,2019.41,0,0,0,0,0
1640,1.64,145.837,4210.82,905.205,57.0171,0.313764,0.000633477,4.87061e-06,0.000254113,0.00810482,95.6148,2021.19,0,0,0,0,0
1650,1.65,144.181,4223.49,894.904,56.3684,0.297158,0.000626269,4.80889e-06,0.000249354,0.0081118,93.8242,2022.93,0,0,0,0,0
1660,1.66,142.544,4236.02,884.72,55.727,0.281435,0.000619143,4.75055e-06,0.000244685,0.00811864,92.0672,2024.63,0,0,0,0,0
1670,1.67,140.925,4248.41,874.652,55.0929,0.266545,0.000612098,4.69541e-06,0.000240103,0.00812534,90.3431,2026.3,0,0,0,0,0
1680,1.68,139.325,4260.65,864.699,54.466,0.252448,0.000605134,4.64331e-06,0.000235606,0.00813192,88.6513,2027.94,0,0,0,0,0
1690,1.69,137.742,4272.76,854.858,53.8463,0.2391,0.000598248,4.59408e-06,0.000231194,0.00813837,86.9912,2029.55,0,0,0,0,0
1700,1.7,136.177,4284.73,845.13,53.2335,0.226461,0.00059144,4.54756e-06,0.000226865,0.0081447,85.3622,2031.13,0,0,0,0,0
1710,1.71,134.63,4296.56,835.513,52.6278,0.214492,0.00058471,4.5036e-06,0.000222616,0.0081509,83.7636,2032.68,0,0,0,0,0
1720,1.72,133.1,4308.26,826.005,52.0289,0.203159,0.000578057,4.46208e-06,0.000218448,0.00815699,82.195,2034.2,0,0,0,0,0
1730,1.73,131.587,4319.83,816.606,51.4369,0.192429,0.000571479,4.42285e-06,0.000214357,0.00816295,80.6558,2035.68,0,0,0,0,0
1740,1.74,130.091,4331.27,807.313,50.8516,0.182268,0.000564976,4.3858e-06,0.000210343,0.0081688,79.1454,2037.14,0,0,0,0,0
1750,1.75,128.613,4342.57,798.127,50.2729,0.172646,0.000558547,4.35079e-06,0.000206404,0.00817454,77.6633,2038.57,0,0,0,0,0
1760,1.76,127.15,4353.75,789.045,49.7008,0.163535,0.000552191,4.31774e-06,0.000202538,0.00818016,76.209,2039.98,0,0,0,0,0
1770,1.77,125.705,4364.8,780.067,49.1353,0.154908,0.000545907,4.28652e-06,0.000198746,0.00818568,74.7818,2041.35,0,0,0,0,0
1780,1.78,124.276,4375.72,771.192,48.5762,0.146739,0.000539696,4.25705e-06,0.000195024,0.00819109,73.3814,2042.7,0,0,0,0,0
1790,1.79,122.863,4386.52,762.417,48.0234,0.139004,0.000533554,4.22922e-06,0.000191372,0.00819639,72.0073,2044.02,0,0,0,0,0
1800,1.8,121.466,4397.2,753.743,47.477,0.131678,0.000527483,4.20295e-06,0.000187788,0.00820159,70.6588,2045.32,0,0,0,0,0
1810,1.81,120.084,4407.75,745.168,46.9368,0.124741,0.000521481,4.17815e-06,0.000184271,0.00820669,69.3356,2046.59,0,0,0,0,0
1820,1.82,118.719,4418.19,736.69,46.4027,0.118173,0.000515548,4.15474e-06,0.000180821,0.00821169,68.0372,2047.84,0,0,0,0,0
1830,1.83,117.369,4428.5,728.31,45.8748,0.111953,0.000509682,4.13266e-06,0.000177435,0.00821659,66.7631,2049.06,0,0,0,0,0
1840,1.84,116.034,4438.7,720.025,45.3528,0.106063,0.000503883,4.11181e-06,0.000174112,0.00822139,65.5129,2050.26,0,0,0,0,0
1850,1.85,114.714,4448.79,711.835,44.8369,0.100484,0.000498151,4.09214e-06,0.000170851,0.0082261,64.2861,2051.43,0,0,0,0,0
1860,1.86,113.41,4458.76,703.738,44.3268,0.0952019,0.000492483,4.07359e-06,0.000167652,0.00823072,63.0822,2052.58,0,0,0,0,0
1870,1.87,112.12,4468.61,695.734,43.8225,0.0901998,0.000486881,4.05609e-06,0.000164512,0.00823525,61.9009,2053.71,0,0,0,0,0
1880,1.88,110.844,4478.35,687.821,43.324,0.0854632,0.000481342,4.03958e-06,0.000161432,0.00823969,60.7417,2054.82,0,0,0,0,0
1890,1.89,109.584,4487.99,679.998,42.8312,0.0809772,0.000475867,4.02402e-06,0.000158409,0.00824404,59.6043,2055.91,0,0,0,0,0
1900,1.9,108.337,4497.51,672.265,42.344,0.0767282,0.000470454,4.00934e-06,0.000155442,0.00824831,58.4881,2056.97,0,0,0,0,0
1910,1.91,107.105,4506.92,664.621,41.8623,0.0727046,0.000465103,3.99551e-06,0.000152531,0.00825249,57.3928,2058.01,0,0,0,0,0
1920,1.92,105.887,4516.23,657.064,41.3862,0.0688943,0.000459813,3.98247e-06,0.000149675,0.00825659,56.318,2059.04,0,0,0,0,0
1930,1.93,104.683,4525.43,649.593,40.9155,0.0652862,0.000454583,3.97019e-06,0.000146872,0.00826061,55.2634,2060.04,0,0,0,0,0
1940,1.94,103.492,4534.53,642.207,40.4502,0.061869,0.000449413,3.95861e-06,0.000144122,0.00826456,54.2285,2061.02,0,0,0,0,0
1950,1.95,102.315,4543.52,634.906,39.9902,0.0586318,0.000444303,3.94771e-06,0.000141423,0.00826842,53.213,2061.98,0,0,0,0,0
1960,1.96,101.151,4552.41,627.689,39.5354,0.0555664,0.00043925,3.93744e-06,0.000138774,0.00827221,52.2165,2062.93,0,0,0,0,0
1970,1.97,100.001,4561.2,620.554,39.0859,0.052663,0.000434256,3.92777e-06,0.000136176,0.00827592,51.2387,2063.85,0,0,0,0,0
1980,1.98,98.8633,4569.89,613.5,38.6415,0.0499135,0.000429318,3.91867e-06,0.000133626,0.00827956,50.2792,2064.76,0,0,0,0,0
1990,1.99,97.739,4578.49,606.528,38.2022,0.0473096,0.000424437,3.9101e-06,0.000131123,0.00828312,49.3376,2065.65,0,0,0,0,0
2000,2,96.6274,4586.98,599.635,37.7679,0.0448433,0.000419612,3.90204e-06,0.000128668,0.00828662,48.4137,2066.52,0,0,0,0,0
2010,2.01,95.5285,4595.38,592.821,37.3385,0.0425066,0.000414842,3.89445e-06,0.000126258,0.00829004,47.5071,2067.38,0,0,0,0,0
2020,2.02,94.4422,4603.68,586.084,36.9141,0.0402937,0.000410126,3.88732e-06,0.000123894,0.0082934,46.6174,2068.21,0,0,0,0,0
2030,2.03,93.3682,4611.89,579.425,36.4945,0.0381977,0.000405465,3.88061e-06,0.000121574,0.00829669,45.7445,2069.04,0,0,0,0,0
2040,2.04,92.3065,4620,572.842,36.0797,0.0362126,0.000400856,3.87431e-06,0.000119297,0.00829992,44.8878,2069.84,0,0,0,0,0
2050,2.05,91.2569,4628.02,566.335,35.6697,0.0343325,0.000396301,3.86839e-06,0.000117063,0.00830308,44.0472,2070.63,0,0,0,0,0
2060,2.06,90.2193,4635.95,559.902,35.2643,0.0325516,0.000391797,3.86283e-06,0.000114871,0.00830617,43.2224,2071.4,0,0,0,0,0
2070,2.07,89.1935,4643.79,553.542,34.8636,0.0308641,0.000387345,3.8576e-06,0.00011272,0.00830921,42.413,2072.16,0,0,0,0,0
2080,2.08,88.1795,4651.54,547.255,34.4675,0.0292657,0.000382944,3.8527e-06,0.000110609,0.00831218,41.6187,2072.9,0,0,0,0,0
2090,2.09,87.177,4659.2,541.041,34.0759,0.0277516,0.000378593,3.84809e-06,0.000108538,0.0083151,40.8394,2073.63,0,0,0,0,0
2100,2.1,86.1859,4666.78,534.897,33.6888,0.0263174,0.000374292,3.84378e-06,0.000106505,0.00831796,40.0746,2074.34,0,0,0,0,0
2110,2.11,85.2062,4674.27,528.823,33.3061,0.0249589,0.000370041,3.83973e-06,0.000104511,0.00832075,39.3241,2075.04,0,0,0,0,0
2120,2.12,84.2377,4681.67,522.82,32.9278,0.0236722,0.000365837,3.83594e-06,0.000102554,0.0083235,38.5878,2075.72,0,0,0,0,0
2130,2.13,83.2802,4688.99,516.885,32.5538,0.022453,0.000361682,3.83238e-06,0.000100633,0.00832618,37.8651,2076.39,0,0,0,0,0
2140,2.14,82.3337,4696.23,511.017,32.1841,0.0212974,0.000357575,3.82905e-06,9.87486e-05,0.00832882,37.156,2077.05,0,0,0,0,0
2150,2.15,81.398,4703.39,505.217,31.8187,0.020203,0.000353515,3.82594e-06,9.68994e-05,0.0083314,36.4602,2077.69,0,0,0,0,0
2160,2.16,80.473,4710.46,499.484,31.4574,0.019166,0.000349501,3.82303e-06,9.50848e-05,0.00833392,35.7775,2078.32,0,0,0,0,0
2170,2.17,79.5585,4717.45,493.816,31.1002,0.0181835,0.000345532,3.8203e-06,9.33042e-05,0.0083364,35.1075,2078.94,0,0,0,0,0
2180,2.18,78.6545,4724.37,488.212,30.7472,0.0172529,0.00034161,3.81776e-06,9.1557e-05,0.00833882,34.4501,2079.54,0,0,0,0,0
2190,2.19,77.7609,4731.2,482.673,30.3981,0.0163713,0.000337732,3.81538e-06,8.98425e-05,0.0083412,33.8049,2080.14,0,0,0,0,0
2200,2.2,76.8774,4737.96,477.198,30.0531,0.0155358,0.000333899,3.81317e-06,8.816e-05,0.00834353,33.1719,2080.72,0,0,0,0,0
2210,2.21,76.0041,4744.64,471.785,29.712,0.0147437,0.000330109,3.8111e-06,8.65091e-05,0.00834581,32.5507,2081.28,0,0,0,0,0
2220,2.22,75.1407,4751.25,466.434,29.3749,0.0139932,0.000326363,3.80917e-06,8.48891e-05,0.00834804,31.9411,2081.84,0,0,0,0,0
2230,2.23,74.2872,4757.78,461.144,29.0416,0.0132821,0.00032266,3.80738e-06,8.32994e-05,0.00835023,31.343,2082.39,0,0,0,0,0
2240,2.24,73.4435,4764.23,455.915,28.7121,0.0126082,0.000318999,3.80571e-06,8.17395e-05,0.00835237,30.756,2082.92,0,0,0,0,0
2250,2.25,72.6094,4770.61,450.746,28.3863,0.0119698,0.00031538,3.80416e-06,8.02088e-05,0.00835447,30.1801,2083.44,0,0,0,0,0
2260,2.26,71.7849,4776.92,445.636,28.0643,0.0113648,0.000311803,3.80272e-06,7.87068e-05,0.00835652,29.6149,2083.96,0,0,0,0,0
2270,2.27,70.9698,4783.16,440.585,27.746,0.0107915,0.000308266,3.80139e-06,7.72329e-05,0.00835854,29.0604,2084.46,0,0,0,0,0
2280,2.28,70.164,4789.33,435.591,27.4314,0.0102479,0.00030477,3.80015e-06,7.57866e-05,0.00836051,28.5162,2084.95,0,0,0,0,0
2290,2.29,69.3674,4795.43,430.654,27.1203,0.00973239,0.000301314,3.79901e-06,7.43674e-05,0.00836244,27.9821,2085.43,0,0,0,0,0
2300,2.3,68.58,4801.45,425.775,26.8128,0.00924402,0.000297898,3.79795e-06,7.29747e-05,0.00836433,27.4581,2085.9,0,0,0,0,0
2310,2.31,67.8015,4807.41,420.95,26.5088,0.00878102,0.00029452,3.79697e-06,7.16082e-05,0.00836618,26.9439,2086.36,0,0,0,0,0
2320,2.32,67.032,4813.31,416.182,26.2083,0.00834217,0.000291182,3.79607e-06,7.02672e-05,0.00836799,26.4394,2086.82,0,0,0,0,0
2330,2.33,66.2713,4819.13,411.467,25.9113,0.00792625,0.000287881,3.79525e-06,6.89514e-05,0.00836976,25.9443,2087.26,0,0,0,0,0
2340,2.34,65.5193,4824.89,406.807,25.6176,0.00753204,0.000284619,3.79449e-06,6.76602e-05,0.0083715,25.4584,2087.69,0,0,0,0,0
2350,2.35,64.7758,4830.58,402.2,25.3273,0.00715832,0.000281393,3.79379e-06,6.63932e-05,0.0083732,24.9817,2088.12,0,0,0,0,0
2360,2.36,64.0409,4836.21,397.646,25.0403,0.00680388,0.000278205,3.79316e-06,6.51498e-05,0.00837486,24.5139,2088.53,0,0,0,0,0
2370,2.37,63.3144,4841.78,393.144,24.7566,0.00646752,0.000275053,3.79258e-06,6.39298e-05,0.00837649,24.0548,2088.94,0,0,0,0,0
2380,2.38,62.5963,4847.28,388.694,24.4762,0.00614882,0.000271938,3.79205e-06,6.27326e-05,0.00837809,23.6043,2089.33,0,0,0,0,0
2390,2.39,61.8863,4852.72,384.294,24.199,0.00584655,0.000268858,3.79157e-06,6.15578e-05,0.00837965,23.1623,2089.72,0,0,0,0,0
2400,2.4,61.1845,4858.1,379.945,23.9249,0.00555993,0.000265813,3.79114e-06,6.04051e-05,0.00838118,22.7286,2090.1,0,0,0,0,0
2410,2.41,60.4907,4863.41,375.646,23.654,0.00528817,0.000262803,3.79075e-06,5.92739e-05,0.00838267,22.3029,2090.48,0,0,0,0,0
2420,2.42,59.8048,4868.67,371.396,23.3862,0.0050305,0.000259827,3.7904e-06,5.81639e-05,0.00838413,21.8853,2090.84,0,0,0,0,0
2430,2.43,59.1268,4873.87,367.195,23.1215,0.00478612,0.000256886,3.79009e-06,5.70748e-05,0.00838556,21.4755,2091.2,0,0,0,0,0
2440,2.44,58.4565,4879.01,363.042,22.8598,0.00455428,0.000253978,3.78981e-06,5.6006e-05,0.00838697,21.0733,2091.55,0,0,0,0,0
2450,2.45,57.794,4884.09,358.936,22.6011,0.00433417,0.000251104,3.78957e-06,5.49571e-05,0.00838834,20.6787,2091.89,0,0,0,0,0
2460,2.46,57.139,4889.11,354.878,22.3453,0.00412541,0.000248263,3.78936e-06,5.3928e-05,0.00838968,20.2914,2092.22,0,0,0,0,0
2470,2.47,56.4915,4894.08,350.865,22.0925,0.00392737,0.000245454,3.78917e-06,5.29181e-05,0.00839099,19.9114,2092.55,0,0,0,0,0
2480,2.48,55.8514,4898.98,346.899,21.8426,0.00373948,0.000242677,3.78902e-06,5.19271e-05,0.00839227,19.5386,2092.87,0,0,0,0,0
2490,2.49,55.2187,4903.84,342.979,21.5955,0.00356122,0.000239932,3.78889e-06,5.09547e-05,0.00839353,19.1727,2093.18,0,0,0,0,0
2500,2.5,54.5932,4908.64,339.103,21.3513,0.00339212,0.000237218,3.78878e-06,5.00005e-05,0.00839475,18.8136,2093.49,0,0,0,0,0
2510,2.51,53.9748,4913.38,335.271,21.1098,0.00323167,0.000234536,3.78869e-06,4.90642e-05,0.00839595,18.4613,2093.79,0,0,0,0,0
2520,2.52,53.3636,4918.07,331.484,20.8712,0.00307937,0.000231884,3.78862e-06,4.81454e-05,0.00839713,18.1156,2094.08,0,0,0,0,0
2530,2.53,52.7593,4922.71,327.74,20.6352,0.00293474,0.000229263,3.78857e-06,4.72438e-05,0.00839828,17.7764,2094.37,0,0,0,0,0
2540,2.54,52.1619,4927.29,324.038,20.402,0.00279737,0.000226672,3.78854e-06,4.63591e-05,0.0083994,17.4435,2094.65,0,0,0,0,0
2550,2.55,51.5714,4931.83,320.38,20.1714,0.00266703,0.00022411,3.78853e-06,4.54909e-05,0.0084005,17.1168,2094.92,0,0,0,0,0
2560,2.56,50.9877,4936.31,316.763,19.9435,0.00254327,0.000221578,3.78853e-06,4.4639e-05,0.00840157,16.7963,2095.19,0,0,0,0,0
2570,2.57,50.4106,4940.74,313.187,19.7182,0.00242578,0.000219075,3.78854e-06,4.38031e-05,0.00840262,16.4818,2095.45,0,0,0,0,0
2580,2.58,49.8402,4945.12,309.652,19.4955,0.00231423,0.0002166,3.78856e-06,4.29828e-05,0.00840364,16.1731,2095.71,0,0,0,0,0
2590,2.59,49.2763,4949.45,306.158,19.2753,0.00220832,0.000214154,3.7886e-06,4.21779e-05,0.00840465,15.8703,2095.96,0,0,0,0,0
2600,2.6,48.7188,4953.73,302.704,19.0576,0.00210774,0.000211736,3.78865e-06,4.13881e-05,0.00840562,15.5731,2096.2,0,0,0,0,0
2610,2.61,48.1678,4957.97,299.29,18.8425,0.00201216,0.000209345,3.78871e-06,4.06131e-05,0.00840658,15.2814,2096.44,0,0,0,0,0
2620,2.62,47.623,4962.15,295.914,18.6298,0.00192128,0.000206982,3.78877e-06,3.98525e-05,0.00840752,14.9953,2096.67,0,0,0,0,0
2630,2.63,47.0845,4966.29,292.578,18.4195,0.00183498,0.000204646,3.78885e-06,3.91062e-05,0.00840843,14.7145,2096.9,0,0,0,0,0
2640,2.64,46.5521,4970.38,289.279,18.2117,0.00175297,0.000202336,3.78893e-06,3.83739e-05,0.00840932,14.4389,2097.12,0,0,0,0,0
2650,2.65,46.0258,4974.43,286.018,18.0062,0.00167504,0.000200053,3.78901e-06,3.76553e-05,0.00841019,14.1685,2097.34,0,0,0,0,0
2660,2.66,45.5056,4978.43,282.795,17.8031,0.00160099,0.000197797,3.78911e-06,3.69501e-05,0.00841105,13.9032,2097.55,0,0,0,0,0
2670,2.67,44.9913,4982.38,279.609,17.6023,0.00153061,0.000195566,3.78921e-06,3.62582e-05,0.00841188,13.6428,2097.76,0,0,0,0,0
2680,2.68,44.483,4986.29,276.459,17.4038,0.00146371,0.000193361,3.78931e-06,3.55792e-05,0.00841269,13.3874,2097.96,0,0,0,0,0
2690,2.69,43.9804,4990.16,273.345,17.2076,0.0014001,0.000191181,3.78942e-06,3.4913e-05,0.00841348,13.1367,2098.16,0,0,0,0,0
2700,2.7,43.4836,4993.98,270.267,17.0136,0.00133958,0.000189025,3.78953e-06,3.42592e-05,0.00841426,12.8907,2098.35,0,0,0,0,0
2710,2.71,42.9925,4997.76,267.224,16.8218,0.00128198,0.000186895,3.78965e-06,3.36176e-05,0.00841501,12.6493,2098.54,0,0,0,0,0
2720,2.72,42.507,5001.5,264.216,16.6323,0.00122722,0.000184789,3.78976e-06,3.2988e-05,0.00841575,12.4124,2098.73,0,0,0,0,0
2730,2.73,42.0271,5005.19,261.242,16.4449,0.00117513,0.000182707,3.78988e-06,3.23703e-05,0.00841647,12.1799,2098.91,0,0,0,0,0
2740,2.74,41.5526,5008.84,258.302,16.2597,0.00112556,0.000180649,3.79001e-06,3.17641e-05,0.00841717,11.9518,2099.08,0,0,0,0,0
2750,2.75,41.0836,5012.45,255.397,16.0765,0.0010784,0.000178615,3.79013e-06,3.11693e-05,0.00841785,11.728,2099.25,0,0,0,0,0
2760,2.76,40.62,5016.02,252.524,15.8955,0.00103352,0.000176603,3.79025e-06,3.05856e-05,0.00841852,11.5084,2099.42,0,0,0,0,0
2770,2.77,40.1617,5019.55,249.684,15.7166,0.000990806,0.000174615,3.79038e-06,3.00129e-05,0.00841917,11.2929,2099.58,0,0,0,0,0
2780,2.78,39.7086,5023.04,246.877,15.5397,0.000950122,0.00017265,3.79051e-06,2.94508e-05,0.00841981,11.0814,2099.74,0,0,0,0,0
2790,2.79,39.2607,5026.5,244.102,15.3648,0.000911347,0.000170707,3.79063e-06,2.88993e-05,0.00842043,10.8739,2099.89,0,0,0,0,0
2800,2.8,38.818,5029.91,241.359,15.192,0.000874428,0.000168787,3.79076e-06,2.83581e-05,0.00842103,10.6703,2100.04,0,0,0,0,0
2810,2.81,38.3803,5033.28,238.647,15.0211,0.000839259,0.000166888,3.79089e-06,2.78271e-05,0.00842162,10.4705,2100.19,0,0,0,0,0
2820,2.82,37.9476,5036.62,235.966,14.8521,0.00080575,0.000165011,3.79102e-06,2.7306e-05,0.00842219,10.2744,2100.33,0,0,0,0,0
2830,2.83,37.5199,5039.91,233.316,14.6852,0.000773822,0.000163156,3.79114e-06,2.67946e-05,0.00842275,10.082,2100.47,0,0,0,0,0
2840,2.84,37.0971,5043.18,230.697,14.5201,0.000743396,0.000161322,3.79127e-06,2.62929e-05,0.0084233,9.89319,2100.61,0,0,0,0,0
2850,2.85,36.6792,5046.4,228.107,14.3569,0.000714393,0.000159509,3.79139e-06,2.58005e-05,0.00842383,9.70793,2100.74,0,0,0,0,0
2860,2.86,36.266,5049.59,225.547,14.1956,0.000686736,0.000157716,3.79152e-06,2.53173e-05,0.00842434,9.52613,2100.87,0,0,0,0,0
2870,2.87,35.8575,5052.74,223.016,14.0361,0.000660346,0.000155945,3.79164e-06,2.48432e-05,0.00842484,9.34774,2100.99,0,0,0,0,0
2880,2.88,35.4538,5055.85,220.515,13.8785,0.000635154,0.000154193,3.79176e-06,2.4378e-05,0.00842533,9.17269,2101.12,0,0,0,0,0
2890,2.89,35.0546,5058.94,218.042,13.7226,0.000611132,0.000152462,3.79188e-06,2.39215e-05,0.00842581,9.00091,2101.24,0,0,0,0,0
2900,2.9,34.6601,5061.98,215.597,13.5686,0.000588202,0.00015075,3.792e-06,2.34735e-05,0.00842627,8.83236,2101.35,0,0,0,0,0
2910,2.91,34.27,5064.99,213.18,13.4163,0.000566315,0.000149058,3.79212e-06,2.30339e-05,0.00842672,8.66696,2101.46,0,0,0,0,0
2920,2.92,33.8844,5067.97,210.791,13.2657,0.000545421,0.000147386,3.79223e-06,2.26026e-05,0.00842716,8.50466,2101.57,0,0,0,0,0
2930,2.93,33.5033,5070.92,208.43,13.1169,0.000525471,0.000145732,3.79235e-06,2.21793e-05,0.00842759,8.3454,2101.68,0,0,0,0,0
2940,2.94,33.1265,5073.83,206.095,12.9698,0.000506415,0.000144098,3.79246e-06,2.1764e-05,0.008428,8.18912,2101.78,0,0,0,0,0
2950,2.95,32.754,5076.71,203.787,12.8244,0.000488203,0.000142482,3.79257e-06,2.13565e-05,0.0084284,8.03577,2101.88,0,0,0,0,0
2960,2.96,32.3858,5079.55,201.506,12.6806,0.000470787,0.000140885,3.79268e-06,2.09565e-05,0.00842879,7.88529,2101.98,0,0,0,0,0
2970,2.97,32.0218,5082.37,199.25,12.5385,0.000454137,0.000139306,3.79278e-06,2.05641e-05,0.00842917,7.73762,2102.07,0,0,0,0,0
2980,2.98,31.6619,5085.15,197.021,12.398,0.00043822,0.000137745,3.79288e-06,2.0179e-05,0.00842954,7.59272,2102.17,0,0,0,0,0
2990,2.99,31.3062,5087.9,194.817,12.2591,0.000422995,0.000136202,3.79299e-06,1.98011e-05,0.0084299,7.45054,2102.25,0,0,0,0,0
3000,3,30.9546,5090.62,192.638,12.1218,0.00040843,0.000134677,3.79308e-06,1.94303e-05,0.00843024,7.31101,2102.34,0,0,0,0,0
3010,3.01,30.607,5093.31,190.485,11.9861,0.000394496,0.000133169,3.79318e-06,1.90664e-05,0.00843058,7.17411,2102.42,0,0,0,0,0
3020,3.02,30.2634,5095.97,188.356,11.852,0.000381159,0.000131678,3.79328e-06,1.87094e-05,0.0084309,7.03976,2102.51,0,0,0,0,0
3030,3.03,29.9237,5098.6,186.251,11.7193,0.000368389,0.000130205,3.79337e-06,1.8359e-05,0.00843122,6.90794,2102.58,0,0,0,0,0
3040,3.04,29.5879,5101.21,184.17,11.5882,0.000356155,0.000128748,3.79346e-06,1.80152e-05,0.00843153,6.77858,2102.66,0,0,0,0,0
3050,3.05,29.2559,5103.78,182.114,11.4586,0.000344425,0.000127308,3.79354e-06,1.76779e-05,0.00843182,6.65163,2102.73,0,0,0,0,0
3060,3.06,28.9278,5106.32,180.081,11.3305,0.000333192,0.000125885,3.79363e-06,1.73468e-05,0.00843211,6.52707,2102.81,0,0,0,0,0
3070,3.07,28.6034,5108.83,178.071,11.2039,0.000322422,0.000124478,3.79371e-06,1.7022e-05,0.00843239,6.40484,2102.88,0,0,0,0,0
3080,3.08,28.2827,5111.32,176.084,11.0787,0.000312095,0.000123087,3.79379e-06,1.67032e-05,0.00843265,6.2849,2102.94,0,0,0,0,0
3090,3.09,27.9657,5113.78,174.12,10.9549,0.000302191,0.000121711,3.79387e-06,1.63904e-05,0.00843291,6.16721,2103.01,0,0,0,0,0
3100,3.1,27.6524,5116.21,172.178,10.8325,0.000292692,0.000120352,3.79394e-06,1.60835e-05,0.00843316,6.05172,2103.07,0,0,0,0,0
3110,3.11,27.3426,5118.61,170.259,10.7116,0.000283575,0.000119008,3.79402e-06,1.57823e-05,0.0084334,5.93839,2103.13,0,0,0,0,0
3120,3.12,27.0364,5120.99,168.362,10.592,0.000274823,0.00011768,3.79409e-06,1.54868e-05,0.00843364,5.82719,2103.19,0,0,0,0,0
3130,3.13,26.7336,5123.34,166.486,10.4738,0.000266414,0.000116367,3.79416e-06,1.51968e-05,0.00843386,5.71807,2103.24,0,0,0,0,0
3140,3.14,26.4344,5125.66,164.632,10.357,0.000258334,0.000115069,3.79422e-06,1.49122e-05,0.00843408,5.61098,2103.3,0,0,0,0,0
3150,3.15,26.1386,5127.96,162.799,10.2415,0.000250572,0.000113786,3.79429e-06,1.46329e-05,0.00843428,5.50591,2103.35,0,0,0,0,0
3160,3.16,25.8461,5130.23,160.987,10.1273,0.000243111,0.000112517,3.79435e-06,1.43589e-05,0.00843449,5.4028,2103.4,0,0,0,0,0
3170,3.17,25.557,5132.48,159.196,10.0145,0.000235938,0.000111263,3.79441e-06,1.409e-05,0.00843468,5.30163,2103.45,0,0,0,0,0
3180,3.18,25.2713,5134.7,157.425,9.90288,0.000229039,0.000110023,3.79446e-06,1.38261e-05,0.00843486,5.20235,2103.49,0,0,0,0,0
3190,3.19,24.9888,5136.89,155.675,9.79258,0.000222403,0.000108798,3.79452e-06,1.35672e-05,0.00843504,5.10493,2103.54,0,0,0,0,0
3200,3.2,24.7095,5139.06,153.945,9.68355,0.000216017,0.000107586,3.79457e-06,1.33132e-05,0.00843521,5.00933,2103.58,0,0,0,0,0
3210,3.21,24.4334,5141.21,152.234,9.57576,0.000209868,0.000106389,3.79462e-06,1.30639e-05,0.00843537,4.91553,2103.62,0,0,0,0,0
3220,3.22,24.1605,5143.34,150.543,9.46921,0.000203944,0.000105205,3.79466e-06,1.28192e-05,0.00843553,4.82347,2103.66,0,0,0,0,0
3230,3.23,23.8907,5145.44,148.872,9.36388,0.000198236,0.000104035,3.79471e-06,1.25792e-05,0.00843568,4.73315,2103.7,0,0,0,0,0
3240,3.24,23.624,5147.51,147.219,9.25976,0.000192737,0.000102878,3.79475e-06,1.23436e-05,0.00843582,4.64451,2103.73,0,0,0,0,0
3250,3.25,23.3604,5149.56,145.586,9.15683,0.000187435,0.000101734,3.79479e-06,1.21124e-05,0.00843596,4.55753,2103.77,0,0,0,0,0
3260,3.26,23.0998,5151.6,143.971,9.05507,0.000182324,0.000100604,3.79483e-06,1.18856e-05,0.00843609,4.47219,2103.8,0,0,0,0,0
3270,3.27,22.8422,5153.6,142.375,8.95449,0.000177394,9.94864e-05,3.79486e-06,1.1663e-05,0.00843621,4.38844,2103.83,0,0,0,0,0
3280,3.28,22.5875,5155.59,140.797,8.85505,0.000172638,9.83817e-05,3.7949e-06,1.14446e-05,0.00843632,4.30626,2103.86,0,0,0,0,0
3290,3.29,22.3357,5157.55,139.237,8.75676,0.000168048,9.72896e-05,3.79493e-06,1.12303e-05,0.00843643,4.22562,2103.88,0,0,0,0,0
3300,3.3,22.0868,5159.49,137.695,8.65959,0.000163615,9.621e-05,3.79496e-06,1.102e-05,0.00843654,4.14649,2103.91,0,0,0,0,0
3310,3.31,21.8408,5161.41,136.171,8.56353,0.000159331,9.51428e-05,3.79499e-06,1.08136e-05,0.00843664,4.06884,2103.94,0,0,0,0,0
3320,3.32,21.5976,5163.31,134.664,8.46858,0.000155194,9.40878e-05,3.79501e-06,1.06111e-05,0.00843673,3.99265,2103.96,0,0,0,0,0
3330,3.33,21.3572,5165.19,133.174,8.37471,0.000151196,9.30449e-05,3.79504e-06,1.04124e-05,0.00843682,3.91788,2103.98,0,0,0,0,0
3340,3.34,21.1195,5167.04,131.702,8.28191,0.00014733,9.20139e-05,3.79506e-06,1.02174e-05,0.0084369,3.84451,2104,0,0,0,0,0
3350,3.35,20.8846,5168.88,130.246,8.19018,0.000143593,9.09948e-05,3.79508e-06,1.00261e-05,0.00843697,3.77251,2104.02,0,0,0,0,0
3360,3.36,20.6523,5170.69,128.807,8.09951,0.000139978,8.99873e-05,3.79509e-06,9.83836e-06,0.00843704,3.70187,2104.04,0,0,0,0,0
3370,3.37,20.4227,5172.49,127.384,8.00987,0.00013648,8.89914e-05,3.79511e-06,9.65413e-06,0.00843711,3.63255,2104.05,0,0,0,0,0
3380,3.38,20.1958,5174.26,125.978,7.92125,0.000133095,8.80068e-05,3.79512e-06,9.47334e-06,0.00843717,3.56453,2104.07,0,0,0,0,0
3390,3.39,19.9714,5176.02,124.588,7.83365,0.000129817,8.70336e-05,3.79513e-06,9.29594e-06,0.00843722,3.49777,2104.08,0,0,0,0,0
3400,3.4,19.7496,5177.76,123.214,7.74706,0.00012664,8.60715e-05,3.79514e-06,9.12185e-06,0.00843727,3.43227,2104.09,0,0,0,0,0
3410,3.41,19.5304,5179.47,121.855,7.66145,0.000123564,8.51204e-05,3.79515e-06,8.95103e-06,0.00843731,3.368,2104.1,0,0,0,0,0
3420,3.42,19.3136,5181.17,120.513,7.57683,0.000120582,8.41802e-05,3.79516e-06,8.78341e-06,0.00843735,3.30493,2104.11,0,0,0,0,0
3430,3.43,19.0994,5182.85,119.185,7.49318,0.000117693,8.32508e-05,3.79516e-06,8.61893e-06,0.00843739,3.24304,2104.12,0,0,0,0,0
3440,3.44,18.8875,5184.51,117.873,7.41048,0.000114891,8.2332e-05,3.79517e-06,8.45753e-06,0.00843742,3.18231,2104.13,0,0,0,0,0
3450,3.45,18.6782,5186.15,116.575,7.32873,0.000112173,8.14238e-05,3.79517e-06,8.29915e-06,0.00843745,3.12271,2104.14,0,0,0,0,0
3460,3.46,18.4712,5187.77,115.293,7.24792,0.000109537,8.05259e-05,3.79517e-06,8.14374e-06,0.00843747,3.06424,2104.14,0,0,0,0,0
3470,3.47,18.2666,5189.38,114.025,7.16804,0.000106979,7.96384e-05,3.79516e-06,7.99124e-06,0.00843748,3.00686,2104.15,0,0,0,0,0
3480,3.48,18.0643,5190.97,112.772,7.08906,0.000104495,7.8761e-05,3.79516e-06,7.84159e-06,0.0084375,2.95055,2104.15,0,0,0,0,0
3490,3.49,17.8644,5192.54,111.533,7.011,0.000102083,7.78936e-05,3.79515e-06,7.69474e-06,0.0084375,2.89529,2104.15,0,0,0,0,0
3500,3.5,17.6667,5194.09,110.308,6.93382,9.97405e-05,7.70362e-05,3.79515e-06,7.55064e-06,0.00843751,2.84107,2104.15,0,0,0,0,0
3510,3.51,17.4713,5195.62,109.098,6.85754,9.74648e-05,7.61886e-05,3.79514e-06,7.40925e-06,0.00843751,2.78787,2104.15,0,0,0,0,0
3520,3.52,17.2782,5197.14,107.901,6.78212,9.52535e-05,7.53507e-05,3.79513e-06,7.2705e-06,0.00843751,2.73566,2104.15,0,0,0,0,0
3530,3.53,17.0872,5198.64,106.718,6.70757,9.31044e-05,7.45225e-05,3.79512e-06,7.13435e-06,0.0084375,2.68443,2104.15,0,0,0,0,0
3540,3.54,16.8985,5200.13,105.548,6.63387,9.10151e-05,7.37037e-05,3.7951e-06,7.00075e-06,0.00843749,2.63416,2104.15,0,0,0,0,0
3550,3.55,16.7119,5201.6,104.392,6.56102,8.89835e-05,7.28943e-05,3.79509e-06,6.86965e-06,0.00843747,2.58484,2104.14,0,0,0,0,0
3560,3.56,16.5274,5203.05,103.25,6.489,8.70074e-05,7.20941e-05,3.79507e-06,6.74101e-06,0.00843745,2.53643,2104.14,0,0,0,0,0
3570,3.57,16.3451,5204.49,102.12,6.41781,8.50844e-05,7.13031e-05,3.79505e-06,6.61477e-06,0.00843743,2.48893,2104.13,0,0,0,0,0
3580,3.58,16.1648,5205.91,101.003,6.34743,8.32126e-05,7.05212e-05,3.79503e-06,6.4909e-06,0.0084374,2.44232,2104.13,0,0,0,0,0
3590,3.59,15.9866,5207.31,99.8988,6.27786,8.13912e-05,6.97482e-05,3.79501e-06,6.36935e-06,0.00843737,2.39659,2104.12,0,0,0,0,0
3600,3.6,15.8105,5208.7,98.8074,6.20908,7.96177e-05,6.89841e-05,3.79499e-06,6.25007e-06,0.00843734,2.35171,2104.11,0,0,0,0,0
3610,3.61,15.6363,5210.08,97.7285,6.1411,7.78908e-05,6.82288e-05,3.79497e-06,6.13303e-06,0.0084373,2.30767,2104.1,0,0,0,0,0
3620,3.62,15.4642,5211.44,96.6619,6.07389,7.62089e-05,6.74821e-05,3.79494e-06,6.01818e-06,0.00843726,2.26445,2104.09,0,0,0,0,0
3630,3.63,15.294,5212.78,95.6076,6.00745,7.45705e-05,6.67439e-05,3.79492e-06,5.90548e-06,0.00843722,2.22205,2104.08,0,0,0,0,0
3640,3.64,15.1258,5214.11,94.5653,5.94177,7.29741e-05,6.60142e-05,3.79489e-06,5.7949e-06,0.00843717,2.18044,2104.07,0,0,0,0,0
3650,3.65,14.9595,5215.42,93.535,5.87685,7.14183e-05,6.52929e-05,3.79486e-06,5.68638e-06,0.00843712,2.13961,2104.06,0,0,0,0,0
3660,3.66,14.7951,5216.72,92.5165,5.81267,6.99014e-05,6.45798e-05,3.79483e-06,5.57989e-06,0.00843707,2.09954,2104.04,0,0,0,0,0
3670,3.67,14.6326,5218.01,91.5096,5.74922,6.84222e-05,6.38749e-05,3.7948e-06,5.4754e-06,0.00843702,2.06022,2104.03,0,0,0,0,0
3680,3.68,14.472,5219.28,90.5143,5.6865,6.69801e-05,6.31781e-05,3.79477e-06,5.37286e-06,0.00843696,2.02164,2104.02,0,0,0,0,0
3690,3.69,14.3132,5220.54,89.5304,5.6245,6.55734e-05,6.24892e-05,3.79474e-06,5.27225e-06,0.0084369,1.98378,2104,0,0,0,0,0
3700,3.7,14.1562,5221.78,88.5578,5.56321,6.42013e-05,6.18082e-05,3.7947e-06,5.17352e-06,0.00843683,1.94663,2103.98,0,0,0,0,0
3710,3.71,14.001,5223.01,87.5962,5.50262,6.28625e-05,6.11351e-05,3.79467e-06,5.07663e-06,0.00843676,1.91018,2103.97,0,0,0,0,0
3720,3.72,13.8476,5224.23,86.6458,5.44272,6.15562e-05,6.04696e-05,3.79463e-06,4.98157e-06,0.00843669,1.87441,2103.95,0,0,0,0,0
3730,3.73,13.696,5225.43,85.7062,5.38351,6.02813e-05,5.98118e-05,3.79459e-06,4.88828e-06,0.00843662,1.83931,2103.93,0,0,0,0,0
3740,3.74,13.5461,5226.63,84.7773,5.32498,5.90368e-05,5.91615e-05,3.79456e-06,4.79675e-06,0.00843655,1.80487,2103.91,0,0,0,0,0
3750,3.75,13.3979,5227.8,83.8591,5.26712,5.78216e-05,5.85186e-05,3.79452e-06,4.70692e-06,0.00843647,1.77107,2103.89,0,0,0,0,0
3760,3.76,13.2514,5228.97,82.9514,5.20992,5.66348e-05,5.78832e-05,3.79447e-06,4.61877e-06,0.00843639,1.7379,2103.87,0,0,0,0,0
3770,3.77,13.1065,5230.12,82.0541,5.15338,5.54759e-05,5.72549e-05,3.79443e-06,4.53228e-06,0.00843631,1.70536,2103.85,0,0,0,0,0
3780,3.78,12.9634,5231.26,81.1671,5.09749,5.4344e-05,5.66339e-05,3.79439e-06,4.4474e-06,0.00843622,1.67342,2103.83,0,0,0,0,0
3790,3.79,12.8219,5232.39,80.2902,5.04223,5.32382e-05,5.602e-05,3.79435e-06,4.36412e-06,0.00843613,1.64208,2103.81,0,0,0,0,0
3800,3.8,12.682,5233.5,79.4234,4.98761,5.21578e-05,5.54132e-05,3.7943e-06,4.2824e-06,0.00843604,1.61133,2103.79,0,0,0,0,0
3810,3.81,12.5437,5234.6,78.5665,4.93361,5.11022e-05,5.48133e-05,3.79426e-06,4.2022e-06,0.00843595,1.58116,2103.76,0,0,0,0,0
3820,3.82,12.4069,5235.69,77.7195,4.88024,5.00706e-05,5.42202e-05,3.79421e-06,4.12351e-06,0.00843586,1.55155,2103.74,0,0,0,0,0
3830,3.83,12.2718,5236.77,76.8821,4.82747,4.90622e-05,5.3634e-05,3.79416e-06,4.0463e-06,0.00843576,1.5225,2103.72,0,0,0,0,0
3840,3.84,12.1382,5237.84,76.0543,4.77531,4.80765e-05,5.30544e-05,3.79411e-06,3.97052e-06,0.00843566,1.49399,2103.69,0,0,0,0,0
3850,3.85,12.0061,5238.89,75.236,4.72374,4.71127e-05,5.24815e-05,3.79406e-06,3.89617e-06,0.00843556,1.46601,2103.67,0,0,0,0,0
3860,3.86,11.8756,5239.94,74.4271,4.67277,4.61703e-05,5.19152e-05,3.79401e-06,3.8232e-06,0.00843546,1.43855,2103.64,0,0,0,0,0
3870,3.87,11.7465,5240.97,73.6274,4.62238,4.52488e-05,5.13553e-05,3.79396e-06,3.75161e-06,0.00843535,1.41161,2103.62,0,0,0,0,0
3880,3.88,11.6189,5241.99,72.8369,4.57256,4.43476e-05,5.08019e-05,3.79391e-06,3.68135e-06,0.00843525,1.38518,2103.59,0,0,0,0,0
3890,3.89,11.4928,5243,72.0555,4.52332,4.34661e-05,5.02548e-05,3.79386e-06,3.61241e-06,0.00843514,1.35924,2103.56,0,0,0,0,0
3900,3.9,11.3681,5244,71.283,4.47464,4.26039e-05,4.9714e-05,3.79381e-06,3.54477e-06,0.00843503,1.33379,2103.53,0,0,0,0,0
3910,3.91,11.2449,5244.99,70.5193,4.42652,4.17605e-05,4.91793e-05,3.79375e-06,3.47839e-06,0.00843491,1.30881,2103.51,0,0,0,0,0
3920,3.92,11.123,5245.96,69.7644,4.37895,4.09353e-05,4.86508e-05,3.7937e-06,3.41325e-06,0.0084348,1.2843,2103.48,0,0,0,0,0
3930,3.93,11.0026,5246.93,69.0182,4.33193,4.01278e-05,4.81283e-05,3.79364e-06,3.34934e-06,0.00843468,1.26025,2103.45,0,0,0,0,0
3940,3.94,10.8835,5247.89,68.2804,4.28544,3.93376e-05,4.76119e-05,3.79359e-06,3.28661e-06,0.00843456,1.23665,2103.42,0,0,0,0,0
3950,3.95,10.7658,5248.83,67.5512,4.23949,3.85641e-05,4.71013e-05,3.79353e-06,3.22506e-06,0.00843444,1.21349,2103.39,0,0,0,0,0
3960,3.96,10.6495,5249.77,66.8303,4.19406,3.78072e-05,4.65966e-05,3.79347e-06,3.16467e-06,0.00843432,1.19077,2103.36,0,0,0,0,0
3970,3.97,10.5345,5250.69,66.1176,4.14915,3.70663e-05,4.60976e-05,3.79341e-06,3.10541e-06,0.0084342,1.16847,2103.33,0,0,0,0,0
3980,3.98,10.4208,5251.61,65.4131,4.10476,3.6341e-05,4.56044e-05,3.79335e-06,3.04725e-06,0.00843407,1.14659,2103.3,0,0,0,0,0
3990,3.99,10.3084,5252.52,64.7167,4.06087,3.5631e-05,4.51168e-05,3.79329e-06,2.99019e-06,0.00843394,1.12512,2103.26,0,0,0,0,0
4000,4,10.1973,5253.41,64.0283,4.01749,3.49358e-05,4.46349e-05,3.79323e-06,2.93419e-06,0.00843382,1.10405,2103.23,0,0,0,0,0
4010,4.01,10.0874,5254.3,63.3477,3.97461,3.42552e-05,4.41584e-05,3.79317e-06,2.87925e-06,0.00843369,1.08337,2103.2,0,0,0,0,0
4020,4.02,9.97884,5255.18,62.6749,3.93221,3.35888e-05,4.36874e-05,3.79311e-06,2.82533e-06,0.00843355,1.06309,2103.17,0,0,0,0,0
4030,4.03,9.8715,5256.04,62.0099,3.89031,3.29361e-05,4.32218e-05,3.79305e-06,2.77242e-06,0.00843342,1.04318,2103.13,0,0,0,0,0
4040,4.04,9.76539,5256.9,61.3524,3.84888,3.22968e-05,4.27615e-05,3.79298e-06,2.7205e-06,0.00843329,1.02364,2103.1,0,0,0,0,0
4050,4.05,9.6605,5257.75,60.7025,3.80792,3.16708e-05,4.23065e-05,3.79292e-06,2.66956e-06,0.00843315,1.00447,2103.07,0,0,0,0,0
4060,4.06,9.55681,5258.59,60.06,3.76744,3.10576e-05,4.18567e-05,3.79286e-06,2.61957e-06,0.00843301,0.985662,2103.03,0,0,0,0,0
4070,4.07,9.4543,5259.42,59.4249,3.72742,3.04569e-05,4.1412e-05,3.79279e-06,2.57051e-06,0.00843287,0.967203,2103,0,0,0,0,0
4080,4.08,9.35297,5260.24,58.7971,3.68785,2.98685e-05,4.09725e-05,3.79273e-06,2.52237e-06,0.00843273,0.949091,2102.96,0,0,0,0,0
4090,4.09,9.25281,5261.06,58.1764,3.64874,2.92922e-05,4.0538e-05,3.79266e-06,2.47514e-06,0.00843259,0.931318,2102.93,0,0,0,0,0
4100,4.1,9.15378,5261.86,57.5629,3.61008,2.87275e-05,4.01084e-05,3.79259e-06,2.42879e-06,0.00843245,0.913878,2102.89,0,0,0,0,0
4110,4.11,9.0559,5262.66,56.9564,3.57186,2.81743e-05,3.96838e-05,3.79253e-06,2.38331e-06,0.0084323,0.896765,2102.85,0,0,0,0,0
4120,4.12,8.95913,5263.44,56.3568,3.53408,2.76322e-05,3.9264e-05,3.79246e-06,2.33868e-06,0.00843216,0.879972,2102.82,0,0,0,0,0
4130,4.13,8.86347,5264.22,55.7641,3.49673,2.71011e-05,3.88491e-05,3.79239e-06,2.29488e-06,0.00843201,0.863494,2102.78,0,0,0,0,0
4140,4.14,8.76891,5264.99,55.1782,3.45981,2.65805e-05,3.84389e-05,3.79232e-06,2.25191e-06,0.00843186,0.847322,2102.74,0,0,0,0,0
4150,4.15,8.67543,5265.75,54.599,3.42331,2.60705e-05,3.80334e-05,3.79225e-06,2.20974e-06,0.00843171,0.831455,2102.71,0,0,0,0,0
4160,4.16,8.58302,5266.51,54.0264,3.38723,2.55706e-05,3.76325e-05,3.79218e-06,2.16835e-06,0.00843156,0.815885,2102.67,0,0,0,0,0
4170,4.17,8.49167,5267.26,53.4604,3.35157,2.50808e-05,3.72362e-05,3.79211e-06,2.12775e-06,0.00843141,0.800606,2102.63,0,0,0,0,0
4180,4.18,8.40137,5267.99,52.9009,3.31631,2.46007e-05,3.68445e-05,3.79204e-06,2.0879e-06,0.00843126,0.785613,2102.59,0,0,0,0,0
4190,4.19,8.3121,5268.72,52.3478,3.28145,2.41301e-05,3.64573e-05,3.79197e-06,2.0488e-06,0.0084311,0.770902,2102.56,0,0,0,0,0
4200,4.2,8.22385,5269.45,51.801,3.247,2.36689e-05,3.60744e-05,3.7919e-06,2.01044e-06,0.00843095,0.756466,2102.52,0,0,0,0,0
4210,4.21,8.13662,5270.16,51.2605,3.21294,2.32169e-05,3.5696e-05,3.79183e-06,1.97279e-06,0.00843079,0.742301,2102.48,0,0,0,0,0
4220,4.22,8.05038,5270.87,50.7261,3.17927,2.27737e-05,3.53219e-05,3.79175e-06,1.93585e-06,0.00843063,0.7284,2102.44,0,0,0,0,0
4230,4.23,7.96513,5271.57,50.1979,3.14598,2.23393e-05,3.49521e-05,3.79168e-06,1.8996e-06,0.00843048,0.71476,2102.4,0,0,0,0,0
4240,4.24,7.88085,5272.26,49.6757,3.11308,2.19134e-05,3.45866e-05,3.79161e-06,1.86402e-06,0.00843032,0.701374,2102.36,0,0,0,0,0
4250,4.25,7.79755,5272.95,49.1596,3.08055,2.1496e-05,3.42252e-05,3.79153e-06,1.82912e-06,0.00843016,0.68824,2102.32,0,0,0,0,0
4260,4.26,7.71519,5273.62,48.6493,3.0484,2.10867e-05,3.38679e-05,3.79146e-06,1.79486e-06,0.00842999,0.675351,2102.28,0,0,0,0,0
4270,4.27,7.63378,5274.29,48.1449,3.01661,2.06854e-05,3.35148e-05,3.79139e-06,1.76125e-06,0.00842983,0.662704,2102.24,0,0,0,0,0
4280,4.28,7.5533,5274.96,47.6462,2.98519,2.0292e-05,3.31657e-05,3.79131e-06,1.72827e-06,0.00842967,0.650294,2102.2,0,0,0,0,0
4290,4.29,7.47375,5275.62,47.1533,2.95413,1.99063e-05,3.28205e-05,3.79124e-06,1.69591e-06,0.00842951,0.638117,2102.16,0,0,0,0,0
4300,4.3,7.3951,5276.27,46.666,2.92342,1.95282e-05,3.24794e-05,3.79116e-06,1.66415e-06,0.00842934,0.626167,2102.12,0,0,0,0,0
4310,4.31,7.31736,5276.91,46.1843,2.89307,1.91574e-05,3.21421e-05,3.79108e-06,1.63299e-06,0.00842917,0.614442,2102.07,0,0,0,0,0
4320,4.32,7.2405,5277.54,45.7081,2.86306,1.87938e-05,3.18088e-05,3.79101e-06,1.60241e-06,0.00842901,0.602936,2102.03,0,0,0,0,0
4330,4.33,7.16453,5278.17,45.2373,2.8334,1.84373e-05,3.14792e-05,3.79093e-06,1.5724e-06,0.00842884,0.591645,2101.99,0,0,0,0,0
4340,4.34,7.08942,5278.8,44.772,2.80407,1.80876e-05,3.11534e-05,3.79085e-06,1.54295e-06,0.00842867,0.580565,2101.95,0,0,0,0,0
4350,4.35,7.01518,5279.41,44.3119,2.77508,1.77448e-05,3.08313e-05,3.79078e-06,1.51406e-06,0.0084285,0.569693,2101.91,0,0,0,0,0
4360,4.36,6.94178,5280.02,43.8572,2.74643,1.74086e-05,3.05129e-05,3.7907e-06,1.4857e-06,0.00842833,0.559024,2101.86,0,0,0,0,0
4370,4.37,6.86923,5280.63,43.4076,2.7181,1.70789e-05,3.01982e-05,3.79062e-06,1.45788e-06,0.00842816,0.548556,2101.82,0,0,0,0,0
4380,4.38,6.79751,5281.22,42.9632,2.6901,1.67556e-05,2.98871e-05,3.79054e-06,1.43058e-06,0.00842799,0.538283,2101.78,0,0,0,0,0
4390,4.39,6.72661,5281.81,42.5239,2.66241,1.64385e-05,2.95795e-05,3.79046e-06,1.40379e-06,0.00842782,0.528203,2101.74,0,0,0,0,0
4400,4.4,6.65652,5282.4,42.0896,2.63505,1.61276e-05,2.92755e-05,3.79038e-06,1.3775e-06,0.00842764,0.518312,2101.69,0,0,0,0,0
4410,4.41,6.58723,5282.98,41.6603,2.60799,1.58226e-05,2.89749e-05,3.7903e-06,1.35171e-06,0.00842747,0.508606,2101.65,0,0,0,0,0
4420,4.42,6.51874,5283.55,41.2359,2.58125,1.55235e-05,2.86778e-05,3.79022e-06,1.3264e-06,0.00842729,0.499082,2101.61,0,0,0,0,0
4430,4.43,6.45103,5284.12,40.8164,2.55482,1.52302e-05,2.83841e-05,3.79014e-06,1.30156e-06,0.00842712,0.489736,2101.56,0,0,0,0,0
4440,4.44,6.3841,5284.68,40.4017,2.52868,1.49424e-05,2.80937e-05,3.79006e-06,1.27718e-06,0.00842694,0.480565,2101.52,0,0,0,0,0
4450,4.45,6.31793,5285.23,39.9917,2.50285,1.46602e-05,2.78067e-05,3.78998e-06,1.25327e-06,0.00842677,0.471565,2101.47,0,0,0,0,0
4460,4.46,6.25252,5285.78,39.5864,2.47731,1.43834e-05,2.75229e-05,3.7899e-06,1.2298e-06,0.00842659,0.462734,2101.43,0,0,0,0,0
4470,4.47,6.18786,5286.33,39.1858,2.45206,1.41119e-05,2.72425e-05,3.78982e-06,1.20677e-06,0.00842641,0.454069,2101.39,0,0,0,0,0
4480,4.48,6.12394,5286.86,38.7897,2.42711,1.38456e-05,2.69652e-05,3.78974e-06,1.18417e-06,0.00842623,0.445566,2101.34,0,0,0,0,0
4490,4.49,6.06076,5287.4,38.3982,2.40244,1.35844e-05,2.66911e-05,3.78966e-06,1.16199e-06,0.00842605,0.437222,2101.3,0,0,0,0,0
4500,4.5,5.99829,5287.92,38.0112,2.37805,1.33283e-05,2.64201e-05,3.78958e-06,1.14023e-06,0.00842587,0.429034,2101.25,0,0,0,0,0
4510,4.51,5.93655,5288.45,37.6286,2.35394,1.3077e-05,2.61523e-05,3.78949e-06,1.11888e-06,0.00842569,0.421001,2101.21,0,0,0,0,0
4520,4.52,5.87551,5288.96,37.2503,2.3301,1.28305e-05,2.58875e-05,3.78941e-06,1.09793e-06,0.00842551,0.413117,2101.16,0,0,0,0,0
4530,4.53,5.81516,5289.47,36.8764,2.30654,1.25887e-05,2.56257e-05,3.78933e-06,1.07737e-06,0.00842533,0.405381,2101.12,0,0,0,0,0
4540,4.54,5.75551,5289.98,36.5068,2.28325,1.23515e-05,2.53669e-05,3.78924e-06,1.05719e-06,0.00842515,0.39779,2101.07,0,0,0,0,0
4550,4.55,5.69654,5290.48,36.1415,2.26023,1.21188e-05,2.51111e-05,3.78916e-06,1.0374e-06,0.00842496,0.39034,2101.02,0,0,0,0,0
4560,4.56,5.63825,5290.97,35.7803,2.23747,1.18905e-05,2.48583e-05,3.78908e-06,1.01797e-06,0.00842478,0.38303,2100.98,0,0,0,0,0
4570,4.57,5.58063,5291.46,35.4232,2.21497,1.16666e-05,2.46083e-05,3.78899e-06,9.98906e-07,0.00842459,0.375857,2100.93,0,0,0,0,0
4580,4.58,5.52366,5291.95,35.0702,2.19273,1.1447e-05,2.43612e-05,3.78891e-06,9.80199e-07,0.00842441,0.368819,2100.89,0,0,0,0,0
4590,4.59,5.46735,5292.43,34.7213,2.17074,1.12315e-05,2.41169e-05,3.78883e-06,9.61843e-07,0.00842422,0.361912,2100.84,0,0,0,0,0
4600,4.6,5.41168,5292.91,34.3764,2.14901,1.10201e-05,2.38754e-05,3.78874e-06,9.43832e-07,0.00842404,0.355135,2100.79,0,0,0,0,0
4610,4.61,5.35665,5293.38,34.0354,2.12752,1.08128e-05,2.36367e-05,3.78866e-06,9.26158e-07,0.00842385,0.348484,2100.75,0,0,0,0,0
4620,4.62,5.30225,5293.84,33.6983,2.10628,1.06094e-05,2.34007e-05,3.78857e-06,9.08815e-07,0.00842367,0.341959,2100.7,0,0,0,0,0
4630,4.63,5.24847,5294.3,33.3651,2.08528,1.04098e-05,2.31674e-05,3.78849e-06,8.91797e-07,0.00842348,0.335555,2100.65,0,0,0,0,0
4640,4.64,5.19531,5294.76,33.0357,2.06453,1.0214e-05,2.29368e-05,3.7884e-06,8.75097e-07,0.00842329,0.329272,2100.61,0,0,0,0,0
4650,4.65,5.14276,5295.21,32.7101,2.04401,1.0022e-05,2.27088e-05,3.78832e-06,8.58709e-07,0.0084231,0.323106,2100.56,0,0,0,0,0
4660,4.66,5.09081,5295.66,32.3882,2.02372,9.83353e-06,2.24835e-05,3.78823e-06,8.42627e-07,0.00842291,0.317055,2100.51,0,0,0,0,0
4670,4.67,5.03945,5296.1,32.07,2.00367,9.64866e-06,2.22607e-05,3.78815e-06,8.26848e-07,0.00842273,0.311117,2100.47,0,0,0,0,0
4680,4.68,4.98868,5296.54,31.7554,1.98385,9.4673e-06,2.20404e-05,3.78806e-06,8.11364e-07,0.00842254,0.305291,2100.42,0,0,0,0,0
4690,4.69,4.9385,5296.97,31.4444,1.96425,9.28937e-06,2.18227e-05,3.78797e-06,7.96169e-07,0.00842235,0.299574,2100.37,0,0,0,0,0
4700,4.7,4.88889,5297.4,31.137,1.94488,9.1148e-06,2.16075e-05,3.78789e-06,7.8126e-07,0.00842216,0.293964,2100.32,0,0,0,0,0
4710,4.71,4.83984,5297.83,30.8331,1.92573,8.94354e-06,2.13948e-05,3.7878e-06,7.6663e-07,0.00842197,0.288459,2100.28,0,0,0,0,0
4720,4.72,4.79136,5298.25,30.5327,1.9068,8.77552e-06,2.11845e-05,3.78771e-06,7.52274e-07,0.00842177,0.283057,2100.23,0,0,0,0,0
4730,4.73,4.74343,5298.67,30.2358,1.88809,8.61068e-06,2.09765e-05,3.78763e-06,7.38187e-07,0.00842158,0.277757,2100.18,0,0,0,0,0
4740,4.74,4.69606,5299.08,29.9422,1.86959,8.44896e-06,2.0771e-05,3.78754e-06,7.24364e-07,0.00842139,0.272556,2100.13,0,0,0,0,0
4750,4.75,4.64922,5299.49,29.652,1.8513,8.29028e-06,2.05678e-05,3.78745e-06,7.108e-07,0.0084212,0.267452,2100.09,0,0,0,0,0
4760,4.76,4.60292,5299.89,29.3651,1.83323,8.1346e-06,2.0367e-05,3.78737e-06,6.97489e-07,0.00842101,0.262444,2100.04,0,0,0,0,0
4770,4.77,4.55715,5300.29,29.0815,1.81536,7.98184e-06,2.01685e-05,3.78728e-06,6.84427e-07,0.00842081,0.257529,2099.99,0,0,0,0,0
4780,4.78,4.51191,5300.69,28.8011,1.79769,7.83197e-06,1.99722e-05,3.78719e-06,6.71609e-07,0.00842062,0.252706,2099.94,0,0,0,0,0
4790,4.79,4.46718,5301.08,28.524,1.78023,7.68494e-06,1.97781e-05,3.7871e-06,6.59032e-07,0.00842043,0.247973,2099.89,0,0,0,0,0
4800,4.8,4.42297,5301.47,28.25,1.76296,7.54067e-06,1.95863e-05,3.78702e-06,6.46691e-07,0.00842023,0.24333,2099.84,0,0,0,0,0
4810,4.81,4.37926,5301.85,27.9792,1.7459,7.39913e-06,1.93967e-05,3.78693e-06,6.3458e-07,0.00842004,0.238773,2099.8,0,0,0,0,0
4820,4.82,4.33605,5302.23,27.7115,1.72903,7.26025e-06,1.92093e-05,3.78684e-06,6.22697e-07,0.00841984,0.234302,2099.75,0,0,0,0,0
4830,4.83,4.29334,5302.61,27.4468,1.71235,7.124e-06,1.9024e-05,3.78675e-06,6.11036e-07,0.00841965,0.229914,2099.7,0,0,0,0,0
4840,4.84,4.25111,5302.98,27.1852,1.69586,6.99032e-06,1.88408e-05,3.78666e-06,5.99594e-07,0.00841945,0.225609,2099.65,0,0,0,0,0
4850,4.85,4.20937,5303.35,26.9265,1.67957,6.85915e-06,1.86598e-05,3.78657e-06,5.88367e-07,0.00841926,0.221384,2099.6,0,0,0,0,0
4860,4.86,4.16811,5303.72,26.6709,1.66345,6.73046e-06,1.84808e-05,3.78649e-06,5.77349e-07,0.00841906,0.217239,2099.55,0,0,0,0,0
4870,4.87,4.12732,5304.08,26.4181,1.64753,6.60419e-06,1.83038e-05,3.7864e-06,5.66538e-07,0.00841886,0.213171,2099.5,0,0,0,0,0
4880,4.88,4.087,5304.44,26.1683,1.63178,6.48029e-06,1.81289e-05,3.78631e-06,5.55928e-07,0.00841867,0.209179,2099.45,0,0,0,0,0
4890,4.89,4.04714,5304.8,25.9212,1.61622,6.3587e-06,1.7956e-05,3.78622e-06,5.45516e-07,0.00841847,0.205261,2099.4,0,0,0,0,0
4900,4.9,4.00773,5305.15,25.6771,1.60083,6.23943e-06,1.7785e-05,3.78613e-06,5.35301e-07,0.00841827,0.201417,2099.36,0,0,0,0,0
4910,4.91,3.96878,5305.5,25.4357,1.58562,6.12239e-06,1.7616e-05,3.78604e-06,5.25276e-07,0.00841807,0.197645,2099.31,0,0,0,0,0
4920,4.92,3.93027,5305.84,25.1971,1.57059,6.00755e-06,1.7449e-05,3.78595e-06,5.1544e-07,0.00841788,0.193944,2099.26,0,0,0,0,0
4930,4.93,3.8922,5306.18,24.9612,1.55572,5.89488e-06,1.72839e-05,3.78586e-06,5.05787e-07,0.00841768,0.190312,2099.21,0,0,0,0,0
4940,4.94,3.85457,5306.52,24.728,1.54103,5.78433e-06,1.71206e-05,3.78577e-06,4.96316e-07,0.00841748,0.186748,2099.16,0,0,0,0,0
4950,4.95,3.81737,5306.86,24.4975,1.52651,5.67586e-06,1.69592e-05,3.78568e-06,4.87022e-07,0.00841728,0.183251,2099.11,0,0,0,0,0
4960,4.96,3.7806,5307.19,24.2697,1.51215,5.56943e-06,1.67997e-05,3.78559e-06,4.77902e-07,0.00841708,0.17982,2099.06,0,0,0,0,0
4970,4.97,3.74425,5307.52,24.0444,1.49795,5.465e-06,1.6642e-05,3.7855e-06,4.68953e-07,0.00841688,0.176453,2099.01,0,0,0,0,0
4980,4.98,3.70831,5307.84,23.8217,1.48392,5.36254e-06,1.64861e-05,3.78541e-06,4.60172e-07,0.00841668,0.173148,2098.96,0,0,0,0,0
4990,4.99,3.67279,5308.17,23.6016,1.47005,5.26199e-06,1.6332e-05,3.78532e-06,4.51555e-07,0.00841648,0.169906,2098.91,0,0,0,0,0
5000,5,3.63767,5308.49,23.384,1.45634,5.16333e-06,1.61797e-05,3.78523e-06,4.43098e-07,0.00841628,0.166724,2098.86,0,0,0,0,0
5010,5.01,3.60295,5308.8,23.1689,1.44278,5.06652e-06,1.60291e-05,3.78514e-06,4.348e-07,0.00841608,0.163602,2098.81,0,0,0,0,0
5020,5.02,3.56863,5309.12,22.9562,1.42938,4.97154e-06,1.58802e-05,3.78505e-06,4.26657e-07,0.00841588,0.160538,2098.76,0,0,0,0,0
5030,5.03,3.5347,5309.43,22.746,1.41614,4.87834e-06,1.5733e-05,3.78496e-06,4.18667e-07,0.00841568,0.157532,2098.71,0,0,0,0,0
5040,5.04,3.50117,5309.73,22.5382,1.40304,4.78689e-06,1.55875e-05,3.78487e-06,4.10827e-07,0.00841548,0.154582,2098.66,0,0,0,0,0
5050,5.05,3.46801,5310.04,22.3327,1.3901,4.69715e-06,1.54437e-05,3.78478e-06,4.03134e-07,0.00841528,0.151687,2098.61,0,0,0,0,0
5060,5.06,3.43524,5310.34,22.1297,1.3773,4.60911e-06,1.53015e-05,3.78469e-06,3.95584e-07,0.00841508,0.148846,2098.56,0,0,0,0,0
5070,5.07,3.40284,5310.64,21.9289,1.36465,4.52272e-06,1.5161e-05,3.7846e-06,3.88177e-07,0.00841488,0.146059,2098.51,0,0,0,0,0
5080,5.08,3.37081,5310.94,21.7304,1.35214,4.43795e-06,1.5022e-05,3.78451e-06,3.80908e-07,0.00841468,0.143324,2098.46,0,0,0,0,0
5090,5.09,3.33915,5311.23,21.5343,1.33978,4.35478e-06,1.48847e-05,3.78441e-06,3.73775e-07,0.00841448,0.14064,2098.41,0,0,0,0,0
5100,5.1,3.30785,5311.52,21.3403,1.32756,4.27317e-06,1.47489e-05,3.78432e-06,3.66776e-07,0.00841427,0.138007,2098.36,0,0,0,0,0
5110,5.11,3.27691,5311.81,21.1486,1.31548,4.19309e-06,1.46147e-05,3.78423e-06,3.59908e-07,0.00841407,0.135422,2098.31,0,0,0,0,0
5120,5.12,3.24633,5312.09,20.9591,1.30354,4.1145e-06,1.4482e-05,3.78414e-06,3.53168e-07,0.00841387,0.132886,2098.26,0,0,0,0,0
5130,5.13,3.21609,5312.37,20.7717,1.29173,4.03738e-06,1.43508e-05,3.78405e-06,3.46554e-07,0.00841367,0.130397,2098.21,0,0,0,0,0
5140,5.14,3.1862,5312.65,20.5865,1.28006,3.96172e-06,1.42211e-05,3.78396e-06,3.40064e-07,0.00841346,0.127956,2098.16,0,0,0,0,0
5150,5.15,3.15665,5312.93,20.4034,1.26852,3.88748e-06,1.4093e-05,3.78387e-06,3.33696e-07,0.00841326,0.125559,2098.11,0,0,0,0,0
5160,5.16,3.12745,5313.21,20.2224,1.25712,3.81463e-06,1.39662e-05,3.78377e-06,3.27447e-07,0.00841306,0.123208,2098.05,0,0,0,0,0
5170,5.17,3.09857,5313.48,20.0435,1.24584,3.74315e-06,1.3841e-05,3.78368e-06,3.21315e-07,0.00841285,0.120901,2098,0,0,0,0,0
5180,5.18,3.07003,5313.75,19.8666,1.2347,3.67301e-06,1.37172e-05,3.78359e-06,3.15297e-07,0.00841265,0.118637,2097.95,0,0,0,0,0
5190,5.19,3.04181,5314.02,19.6917,1.22368,3.60419e-06,1.35947e-05,3.7835e-06,3.09393e-07,0.00841245,0.116415,2097.9,0,0,0,0,0
5200,5.2,3.01392,5314.28,19.5189,1.21279,3.53666e-06,1.34737e-05,3.78341e-06,3.036e-07,0.00841224,0.114235,2097.85,0,0,0,0,0
5210,5.21,2.98634,5314.54,19.348,1.20202,3.47039e-06,1.33541e-05,3.78332e-06,2.97915e-07,0.00841204,0.112096,2097.8,0,0,0,0,0
5220,5.22,2.95908,5314.8,19.1791,1.19138,3.40538e-06,1.32359e-05,3.78322e-06,2.92336e-07,0.00841183,0.109997,2097.75,0,0,0,0,0
5230,5.23,2.93213,5315.06,19.0121,1.18086,3.34158e-06,1.3119e-05,3.78313e-06,2.86862e-07,0.00841163,0.107937,2097.7,0,0,0,0,0
5240,5.24,2.9055,5315.31,18.8471,1.17045,3.27897e-06,1.30034e-05,3.78304e-06,2.8149e-07,0.00841143,0.105916,2097.65,0,0,0,0,0
5250,5.25,2.87916,5315.57,18.6839,1.16017,3.21753e-06,1.28891e-05,3.78295e-06,2.76219e-07,0.00841122,0.103933,2097.6,0,0,0,0,0
5260,5.26,2.85313,5315.82,18.5226,1.15001,3.15724e-06,1.27762e-05,3.78285e-06,2.71045e-07,0.00841102,0.101986,2097.55,0,0,0,0,0
5270,5.27,2.82739,5316.07,18.3631,1.13996,3.09809e-06,1.26646e-05,3.78276e-06,2.6597e-07,0.00841081,0.100076,2097.5,0,0,0,0,0
5280,5.28,2.80195,5316.31,18.2054,1.13003,3.04005e-06,1.25542e-05,3.78267e-06,2.60989e-07,0.00841061,0.098202,2097.44,0,0,0,0,0
5290,5.29,2.77681,5316.56,18.0496,1.12021,2.98309e-06,1.24451e-05,3.78258e-06,2.56101e-07,0.0084104,0.096363,2097.39,0,0,0,0,0
5300,5.3,2.75195,5316.8,17.8955,1.1105,2.92721e-06,1.23373e-05,3.78248e-06,2.51305e-07,0.0084102,0.0945584,2097.34,0,0,0,0,0
5310,5.31,2.72737,5317.04,17.7433,1.1009,2.87237e-06,1.22306e-05,3.78239e-06,2.46599e-07,0.00840999,0.0927877,2097.29,0,0,0,0,0
5320,5.32,2.70307,5317.27,17.5927,1.09142,2.81856e-06,1.21252e-05,3.7823e-06,2.41981e-07,0.00840979,0.0910501,2097.24,0,0,0,0,0
5330,5.33,2.67906,5317.51,17.4439,1.08204,2.76576e-06,1.20211e-05,3.78221e-06,2.3745e-07,0.00840958,0.0893452,2097.19,0,0,0,0,0
5340,5.34,2.65532,5317.74,17.2968,1.07277,2.71396e-06,1.19181e-05,3.78211e-06,2.33004e-07,0.00840937,0.0876722,2097.14,0,0,0,0,0
5350,5.35,2.63185,5317.97,17.1513,1.0636,2.66312e-06,1.18162e-05,3.78202e-06,2.28641e-07,0.00840917,0.0860306,2097.09,0,0,0,0,0
5360,5.36,2.60865,5318.2,17.0076,1.05454,2.61324e-06,1.17156e-05,3.78193e-06,2.2436e-07,0.00840896,0.0844196,2097.03,0,0,0,0,0
5370,5.37,2.58571,5318.43,16.8654,1.04559,2.56429e-06,1.16161e-05,3.78184e-06,2.20158e-07,0.00840876,0.0828388,2096.98,0,0,0,0,0
5380,5.38,2.56304,5318.65,16.7249,1.03674,2.51625e-06,1.15177e-05,3.78174e-06,2.16035e-07,0.00840855,0.0812874,2096.93,0,0,0,0,0
5390,5.39,2.54062,5318.88,16.586,1.02798,2.46911e-06,1.14205e-05,3.78165e-06,2.11989e-07,0.00840834,0.0797649,2096.88,0,0,0,0,0
5400,5.4,2.51847,5319.1,16.4487,1.01933,2.42286e-06,1.13244e-05,3.78156e-06,2.08019e-07,0.00840814,0.0782712,2096.83,0,0,0,0,0
5410,5.41,2.49656,5319.32,16.313,1.01078,2.37747e-06,1.12293e-05,3.78146e-06,2.04124e-07,0.00840793,0.0768054,2096.78,0,0,0,0,0
5420,5.42,2.47491,5319.54,16.1788,1.00232,2.33294e-06,1.11354e-05,3.78137e-06,2.00301e-07,0.00840772,0.0753671,2096.72,0,0,0,0,0
5430,5.43,2.45351,5319.75,16.0462,0.993966,2.28924e-06,1.10425e-05,3.78128e-06,1.9655e-07,0.00840752,0.0739557,2096.67,0,0,0,0,0
5440,5.44,2.43235,5319.96,15.9151,0.985704,2.24636e-06,1.09508e-05,3.78118e-06,1.92869e-07,0.00840731,0.0725708,2096.62,0,0,0,0,0
5450,5.45,2.41143,5320.18,15.7854,0.977536,2.20428e-06,1.086e-05,3.78109e-06,1.89258e-07,0.0084071,0.0712118,2096.57,0,0,0,0,0
5460,5.46,2.39075,5320.39,15.6573,0.969462,2.16299e-06,1.07703e-05,3.781e-06,1.85714e-07,0.0084069,0.0698783,2096.52,0,0,0,0,0
5470,5.47,2.37031,5320.59,15.5306,0.96148,2.12248e-06,1.06816e-05,3.7809e-06,1.82236e-07,0.00840669,0.0685699,2096.47,0,0,0,0,0
5480,5.48,2.3501,5320.8,15.4054,0.95359,2.08273e-06,1.0594e-05,3.78081e-06,1.78824e-07,0.00840648,0.0672859,2096.42,0,0,0,0,0
5490,5.49,2.33013,5321,15.2816,0.945789,2.04373e-06,1.05073e-05,3.78072e-06,1.75475e-07,0.00840627,0.066026,2096.36,0,0,0,0,0
5500,5.5,2.31038,5321.21,15.1592,0.938078,2.00545e-06,1.04216e-05,3.78062e-06,1.7219e-07,0.00840607,0.0647896,2096.31,0,0,0,0,0
5510,5.51,2.29086,5321.41,15.0383,0.930456,1.96788e-06,1.03369e-05,3.78053e-06,1.68965e-07,0.00840586,0.0635763,2096.26,0,0,0,0,0
5520,5.52,2.27156,5321.61,14.9187,0.92292,1.93102e-06,1.02532e-05,3.78044e-06,1.658e-07,0.00840565,0.0623855,2096.21,0,0,0,0,0
5530,5.53,2.25248,5321.81,14.8004,0.915471,1.89485e-06,1.01704e-05,3.78034e-06,1.62695e-07,0.00840544,0.0612172,2096.16,0,0,0,0,0
5540,5.54,2.23362,5322,14.6836,0.908106,1.85936e-06,1.00886e-05,3.78025e-06,1.59649e-07,0.00840524,0.0600708,2096.1,0,0,0,0,0
5550,5.55,2.21498,5322.2,14.568,0.900827,1.82453e-06,1.00077e-05,3.78016e-06,1.56659e-07,0.00840503,0.0589459,2096.05,0,0,0,0,0
5560,5.56,2.19655,5322.39,14.4538,0.89363,1.79036e-06,9.92779e-06,3.78006e-06,1.53725e-07,0.00840482,0.057842,2096,0,0,0,0,0
5570,5.57,2.17833,5322.58,14.3409,0.886516,1.75683e-06,9.84875e-06,3.77997e-06,1.50846e-07,0.00840461,0.0567588,2095.95,0,0,0,0,0
5580,5.58,2.16032,5322.77,14.2293,0.879484,1.72392e-06,9.77061e-06,3.77987e-06,1.48022e-07,0.0084044,0.0556959,2095.9,0,0,0,0,0
5590,5.59,2.14252,5322.96,14.119,0.872531,1.69164e-06,9.69337e-06,3.77978e-06,1.4525e-07,0.0084042,0.054653,2095.85,0,0,0,0,0
5600,5.6,2.12492,5323.14,14.0099,0.865659,1.65996e-06,9.61702e-06,3.77969e-06,1.4253e-07,0.00840399,0.0536296,2095.79,0,0,0,0,0
5610,5.61,2.10752,5323.33,13.9021,0.858865,1.62887e-06,9.54154e-06,3.77959e-06,1.39861e-07,0.00840378,0.0526254,2095.74,0,0,0,0,0
5620,5.62,2.09032,5323.51,13.7955,0.852149,1.59837e-06,9.46692e-06,3.7795e-06,1.37242e-07,0.00840357,0.05164,2095.69,0,0,0,0,0
5630,5.63,2.07332,5323.69,13.6901,0.84551,1.56843e-06,9.39315e-06,3.77941e-06,1.34672e-07,0.00840336,0.050673,2095.64,0,0,0,0,0
5640,5.64,2.05651,5323.88,13.586,0.838946,1.53906e-06,9.32023e-06,3.77931e-06,1.3215e-07,0.00840315,0.0497241,2095.59,0,0,0,0,0
5650,5.65,2.03989,5324.05,13.483,0.832458,1.51023e-06,9.24814e-06,3.77922e-06,1.29676e-07,0.00840294,0.0487929,2095.53,0,0,0,0,0
5660,5.66,2.02347,5324.23,13.3812,0.826043,1.48194e-06,9.17688e-06,3.77912e-06,1.27247e-07,0.00840274,0.047879,2095.48,0,0,0,0,0
5670,5.67,2.00723,5324.41,13.2806,0.819703,1.45419e-06,9.10643e-06,3.77903e-06,1.24864e-07,0.00840253,0.0469824,2095.43,0,0,0,0,0
5680,5.68,1.99118,5324.58,13.1811,0.813435,1.42695e-06,9.03679e-06,3.77894e-06,1.22526e-07,0.00840232,0.0461026,2095.38,0,0,0,0,0
5690,5.69,1.97531,5324.76,13.0828,0.807238,1.40023e-06,8.96794e-06,3.77884e-06,1.20231e-07,0.00840211,0.0452392,2095.33,0,0,0,0,0
5700,5.7,1.95962,5324.93,12.9855,0.801113,1.374e-06,8.89989e-06,3.77875e-06,1.17979e-07,0.0084019,0.044392,2095.27,0,0,0,0,0
5710,5.71,1.94411,5325.1,12.8894,0.795057,1.34827e-06,8.83261e-06,3.77865e-06,1.1577e-07,0.00840169,0.0435607,2095.22,0,0,0,0,0
5720,5.72,1.92878,5325.27,12.7944,0.789071,1.32302e-06,8.7661e-06,3.77856e-06,1.13602e-07,0.00840148,0.042745,2095.17,0,0,0,0,0
5730,5.73,1.91363,5325.44,12.7005,0.783153,1.29824e-06,8.70036e-06,3.77847e-06,1.11475e-07,0.00840127,0.0419445,2095.12,0,0,0,0,0
5740,5.74,1.89865,5325.6,12.6077,0.777304,1.27393e-06,8.63536e-06,3.77837e-06,1.09388e-07,0.00840106,0.0411591,2095.06,0,0,0,0,0
5750,5.75,1.88384,5325.77,12.5159,0.771521,1.25008e-06,8.57111e-06,3.77828e-06,1.07339e-07,0.00840086,0.0403885,2095.01,0,0,0,0,0
5760,5.76,1.8692,5325.93,12.4252,0.765804,1.22667e-06,8.5076e-06,3.77818e-06,1.05329e-07,0.00840065,0.0396322,2094.96,0,0,0,0,0
5770,5.77,1.85473,5326.09,12.3355,0.760153,1.2037e-06,8.44481e-06,3.77809e-06,1.03357e-07,0.00840044,0.0388901,2094.91,0,0,0,0,0
5780,5.78,1.84042,5326.26,12.2468,0.754566,1.18115e-06,8.38274e-06,3.77799e-06,1.01422e-07,0.00840023,0.0381618,2094.86,0,0,0,0,0
5790,5.79,1.82628,5326.42,12.1592,0.749043,1.15903e-06,8.32138e-06,3.7779e-06,9.95222e-08,0.00840002,0.0374471,2094.8,0,0,0,0,0
5800,5.8,1.81229,5326.58,12.0725,0.743583,1.13732e-06,8.26071e-06,3.77781e-06,9.76581e-08,0.00839981,0.0367457,2094.75,0,0,0,0,0
5810,5.81,1.79847,5326.73,11.9869,0.738186,1.11602e-06,8.20075e-06,3.77771e-06,9.58293e-08,0.0083996,0.0360576,2094.7,0,0,0,0,0
5820,5.82,1.78481,5326.89,11.9022,0.73285,1.09512e-06,8.14147e-06,3.77762e-06,9.40347e-08,0.00839939,0.0353824,2094.65,0,0,0,0,0
5830,5.83,1.7713,5327.05,11.8185,0.727576,1.07461e-06,8.08287e-06,3.77752e-06,9.22737e-08,0.00839918,0.0347198,2094.59,0,0,0,0,0
5840,5.84,1.75795,5327.2,11.7357,0.722361,1.05449e-06,8.02494e-06,3.77743e-06,9.05457e-08,0.00839897,0.0340696,2094.54,0,0,0,0,0
5850,5.85,1.74475,5327.35,11.6539,0.717207,1.03474e-06,7.96767e-06,3.77733e-06,8.88501e-08,0.00839876,0.0334315,2094.49,0,0,0,0,0
5860,5.86,1.7317,5327.5,11.5731,0.712111,1.01536e-06,7.91106e-06,3.77724e-06,8.71863e-08,0.00839855,0.0328055,2094.44,0,0,0,0,0
5870,5.87,1.7188,5327.66,11.4931,0.707074,9.96345e-07,7.85509e-06,3.77715e-06,8.55537e-08,0.00839834,0.0321912,2094.39,0,0,0,0,0
5880,5.88,1.70605,5327.8,11.4141,0.702095,9.77688e-07,7.79977e-06,3.77705e-06,8.39517e-08,0.00839813,0.0315884,2094.33,0,0,0,0,0
5890,5.89,1.69345,5327.95,11.336,0.697172,9.5938e-07,7.74508e-06,3.77696e-06,8.23797e-08,0.00839792,0.0309969,2094.28,0,0,0,0,0
5900,5.9,1.68098,5328.1,11.2587,0.692306,9.41416e-07,7.69101e-06,3.77686e-06,8.08372e-08,0.00839771,0.0304165,2094.23,0,0,0,0,0
5910,5.91,1.66867,5328.25,11.1824,0.687495,9.23787e-07,7.63757e-06,3.77677e-06,7.93236e-08,0.0083975,0.029847,2094.18,0,0,0,0,0
5920,5.92,1.65649,5328.39,11.1069,0.68274,9.06488e-07,7.58473e-06,3.77667e-06,7.78382e-08,0.00839729,0.0292881,2094.12,0,0,0,0,0
5930,5.93,1.64445,5328.54,11.0323,0.678039,8.89511e-07,7.5325e-06,3.77658e-06,7.63805e-08,0.00839708,0.0287396,2094.07,0,0,0,0,0
5940,5.94,1.63255,5328.68,10.9585,0.673391,8.72849e-07,7.48086e-06,3.77648e-06,7.49498e-08,0.00839687,0.0282013,2094.02,0,0,0,0,0
5950,5.95,1.62078,5328.82,10.8856,0.668796,8.56502e-07,7.42981e-06,3.77639e-06,7.35462e-08,0.00839666,0.0276732,2093.97,0,0,0,0,0
5960,5.96,1.60915,5328.96,10.8135,0.664255,8.40462e-07,7.37935e-06,3.7763e-06,7.21689e-08,0.00839645,0.0271549,2093.91,0,0,0,0,0
5970,5.97,1.59765,5329.1,10.7423,0.659765,8.24722e-07,7.32947e-06,3.7762e-06,7.08174e-08,0.00839624,0.0266464,2093.86,0,0,0,0,0
5980,5.98,1.58629,5329.24,10.6718,0.655326,8.09277e-07,7.28016e-06,3.77611e-06,6.94912e-08,0.00839603,0.0261474,2093.81,0,0,0,0,0
5990,5.99,1.57505,5329.38,10.6022,0.650938,7.94121e-07,7.23141e-06,3.77601e-06,6.81898e-08,0.00839582,0.0256577,2093.76,0,0,0,0,0
6000,6,1.56395,5329.52,10.5334,0.646601,7.79249e-07,7.18322e-06,3.77592e-06,6.69129e-08,0.00839561,0.0251772,2093.7,0,0,0,0,0
6010,6.01,1.55297,5329.65,10.4653,0.642313,7.64657e-07,7.13558e-06,3.77582e-06,6.56599e-08,0.0083954,0.0247058,2093.65,0,0,0,0,0
6020,6.02,1.54211,5329.79,10.398,0.638074,7.50338e-07,7.08848e-06,3.77573e-06,6.44304e-08,0.00839519,0.0242432,2093.6,0,0,0,0,0
6030,6.03,1.53138,5329.92,10.3315,0.633884,7.36288e-07,7.04193e-06,3.77563e-06,6.32239e-08,0.00839498,0.0237892,2093.55,0,0,0,0,0
6040,6.04,1.52077,5330.06,10.2658,0.629742,7.22501e-07,6.9959e-06,3.77554e-06,6.20401e-08,0.00839477,0.0233438,2093.49,0,0,0,0,0
6050,6.05,1.51029,5330.19,10.2008,0.625646,7.08972e-07,6.95041e-06,3.77544e-06,6.08785e-08,0.00839456,0.0229067,2093.44,0,0,0,0,0
6060,6.06,1.49992,5330.32,10.1365,0.621598,6.95697e-07,6.90543e-06,3.77535e-06,5.97385e-08,0.00839435,0.0224778,2093.39,0,0,0,0,0
6070,6.07,1.48967,5330.45,10.073,0.617596,6.82669e-07,6.86097e-06,3.77525e-06,5.86199e-08,0.00839414,0.0220568,2093.34,0,0,0,0,0
6080,6.08,1.47954,5330.58,10.0102,0.61364,6.69883e-07,6.81701e-06,3.77516e-06,5.7522e-08,0.00839393,0.0216438,2093.28,0,0,0,0,0
6090,6.09,1.46953,5330.71,9.94816,0.609729,6.57335e-07,6.77355e-06,3.77506e-06,5.64445e-08,0.00839372,0.0212383,2093.23,0,0,0,0,0
6100,6.1,1.45963,5330.84,9.88679,0.605862,6.45025e-07,6.7306e-06,3.77497e-06,5.53876e-08,0.00839351,0.0208406,2093.18,0,0,0,0,0
6110,6.11,1.44984,5330.97,9.82613,0.60204,6.32946e-07,6.68813e-06,3.77488e-06,5.43503e-08,0.0083933,0.0204503,2093.13,0,0,0,0,0
6120,6.12,1.44016,5331.09,9.76617,0.598262,6.21092e-07,6.64615e-06,3.77478e-06,5.33325e-08,0.00839309,0.0200674,2093.07,0,0,0,0,0
6130,6.13,1.4306,5331.22,9.70688,0.594527,6.0946e-07,6.60465e-06,3.77469e-06,5.23337e-08,0.00839288,0.0196916,2093.02,0,0,0,0,0
6140,6.14,1.42114,5331.34,9.64828,0.590834,5.98047e-07,6.56363e-06,3.77459e-06,5.13537e-08,0.00839267,0.0193228,2092.97,0,0,0,0,0
6150,6.15,1.4118,5331.47,9.59035,0.587184,5.86847e-07,6.52307e-06,3.7745e-06,5.0392e-08,0.00839245,0.0189609,2092.92,0,0,0,0,0
6160,6.16,1.40256,5331.59,9.53307,0.583575,5.75858e-07,6.48298e-06,3.7744e-06,4.94484e-08,0.00839224,0.0186059,2092.86,0,0,0,0,0
6170,6.17,1.39342,5331.71,9.47646,0.580008,5.65075e-07,6.44335e-06,3.77431e-06,4.85224e-08,0.00839203,0.0182575,2092.81,0,0,0,0,0
6180,6.18,1.38439,5331.83,9.42049,0.576482,5.54494e-07,6.40417e-06,3.77421e-06,4.76139e-08,0.00839182,0.0179156,2092.76,0,0,0,0,0
6190,6.19,1.37547,5331.95,9.36516,0.572996,5.44111e-07,6.36544e-06,3.77412e-06,4.67224e-08,0.00839161,0.0175802,2092.71,0,0,0,0,0
6200,6.2,1.36664,5332.07,9.31047,0.56955,5.33923e-07,6.32715e-06,3.77402e-06,4.58475e-08,0.0083914,0.017251,2092.65,0,0,0,0,0
6210,6.21,1.35792,5332.19,9.2564,0.566143,5.23926e-07,6.2893e-06,3.77393e-06,4.49891e-08,0.00839119,0.016928,2092.6,0,0,0,0,0
6220,6.22,1.3493,5332.31,9.20294,0.562775,5.14115e-07,6.25188e-06,3.77383e-06,4.41466e-08,0.00839098,0.016611,2092.55,0,0,0,0,0
6230,6.23,1.34077,5332.43,9.1501,0.559445,5.04486e-07,6.21489e-06,3.77374e-06,4.33198e-08,0.00839077,0.0162999,2092.5,0,0,0,0,0
6240,6.24,1.33234,5332.54,9.09785,0.556154,4.95036e-07,6.17832e-06,3.77364e-06,4.25084e-08,0.00839056,0.0159946,2092.44,0,0,0,0,0
6250,6.25,1.32401,5332.66,9.04621,0.5529,4.85765e-07,6.14217e-06,3.77355e-06,4.17123e-08,0.00839035,0.015695,2092.39,0,0,0,0,0
6260,6.26,1.31577,5332.78,8.99516,0.549683,4.76668e-07,6.10643e-06,3.77345e-06,4.09312e-08,0.00839014,0.0154011,2092.34,0,0,0,0,0
6270,6.27,1.30763,5332.89,8.94469,0.546503,4.67742e-07,6.0711e-06,3.77336e-06,4.01646e-08,0.00838993,0.0151127,2092.29,0,0,0,0,0
6280,6.28,1.29958,5333,8.8948,0.54336,4.58982e-07,6.03617e-06,3.77326e-06,3.94125e-08,0.00838972,0.0148297,2092.23,0,0,0,0,0
6290,6.29,1.29163,5333.12,8.84548,0.540252,4.50386e-07,6.00165e-06,3.77317e-06,3.86744e-08,0.0083895,0.014552,2092.18,0,0,0,0,0
6300,6.3,1.28376,5333.23,8.79672,0.53718,4.41952e-07,5.96752e-06,3.77307e-06,3.79501e-08,0.00838929,0.0142795,2092.13,0,0,0,0,0
6310,6.31,1.27598,5333.34,8.74852,0.534143,4.33676e-07,5.93378e-06,3.77298e-06,3.72395e-08,0.00838908,0.0140121,2092.08,0,0,0,0,0
6320,6.32,1.2683,5333.45,8.70087,0.531141,4.25555e-07,5.90042e-06,3.77288e-06,3.65422e-08,0.00838887,0.0137497,2092.02,0,0,0,0,0
6330,6.33,1.2607,5333.56,8.65376,0.528173,4.17587e-07,5.86745e-06,3.77279e-06,3.58579e-08,0.00838866,0.0134922,2091.97,0,0,0,0,0
6340,6.34,1.25319,5333.67,8.6072,0.525239,4.09768e-07,5.83485e-06,3.77269e-06,3.51865e-08,0.00838845,0.0132396,2091.92,0,0,0,0,0
6350,6.35,1.24576,5333.78,8.56116,0.522339,4.02095e-07,5.80263e-06,3.7726e-06,3.45277e-08,0.00838824,0.0129917,2091.87,0,0,0,0,0
6360,6.36,1.23842,5333.89,8.51566,0.519472,3.94567e-07,5.77077e-06,3.7725e-06,3.38812e-08,0.00838803,0.0127485,2091.81,0,0,0,0,0
6370,6.37,1.23116,5334,8.47067,0.516637,3.87178e-07,5.73928e-06,3.77241e-06,3.32468e-08,0.00838782,0.0125097,2091.76,0,0,0,0,0
6380,6.38,1.22399,5334.11,8.42619,0.513835,3.79928e-07,5.70814e-06,3.77231e-06,3.26242e-08,0.00838761,0.0122755,2091.71,0,0,0,0,0
6390,6.39,1.21689,5334.21,8.38222,0.511065,3.72812e-07,5.67737e-06,3.77222e-06,3.20131e-08,0.00838739,0.0120456,2091.66,0,0,0,0,0
6400,6.4,1.20988,5334.32,8.33875,0.508326,3.65828e-07,5.64694e-06,3.77212e-06,3.14135e-08,0.00838718,0.0118199,2091.6,0,0,0,0,0
6410,6.41,1.20295,5334.43,8.29579,0.505619,3.58978e-07,5.61686e-06,3.77203e-06,3.08252e-08,0.00838697,0.0115986,2091.55,0,0,0,0,0
6420,6.42,1.1961,5334.53,8.25331,0.502942,3.52255e-07,5.58713e-06,3.77193e-06,3.0248e-08,0.00838676,0.0113814,2091.5,0,0,0,0,0
6430,6.43,1.18932,5334.63,8.21132,0.500297,3.45658e-07,5.55773e-06,3.77184e-06,2.96815e-08,0.00838655,0.0111682,2091.44,0,0,0,0,0
6440,6.44,1.18263,5334.74,8.1698,0.497681,3.39185e-07,5.52867e-06,3.77174e-06,2.91256e-08,0.00838634,0.0109591,2091.39,0,0,0,0,0
6450,6.45,1.17601,5334.84,8.12876,0.495096,3.32833e-07,5.49995e-06,3.77165e-06,2.85802e-08,0.00838613,0.0107538,2091.34,0,0,0,0,0
6460,6.46,1.16946,5334.94,8.08819,0.492539,3.266e-07,5.47155e-06,3.77156e-06,2.8045e-08,0.00838592,0.0105525,2091.29,0,0,0,0,0
6470,6.47,1.16299,5335.05,8.04809,0.490013,3.20484e-07,5.44347e-06,3.77146e-06,2.75198e-08,0.00838571,0.0103549,2091.23,0,0,0,0,0
6480,6.48,1.1566,5335.15,8.00844,0.487515,3.14483e-07,5.41572e-06,3.77137e-06,2.70045e-08,0.0083855,0.010161,2091.18,0,0,0,0,0
6490,6.49,1.15027,5335.25,7.96925,0.485045,3.08595e-07,5.38828e-06,3.77127e-06,2.64989e-08,0.00838528,0.00997071,2091.13,0,0,0,0,0
6500,6.5,1.14402,5335.35,7.9305,0.482604,3.02817e-07,5.36116e-06,3.77118e-06,2.60027e-08,0.00838507,0.00978402,2091.08,0,0,0,0,0
6510,6.51,1.13784,5335.45,7.8922,0.480191,2.97147e-07,5.33435e-06,3.77108e-06,2.55159e-08,0.00838486,0.00960083,2091.02,0,0,0,0,0
6520,6.52,1.13174,5335.55,7.85433,0.477805,2.91583e-07,5.30784e-06,3.77099e-06,2.50381e-08,0.00838465,0.00942107,2090.97,0,0,0,0,0
6530,6.53,1.1257,5335.65,7.81689,0.475447,2.86123e-07,5.28164e-06,3.77089e-06,2.45693e-08,0.00838444,0.00924466,2090.92,0,0,0,0,0
6540,6.54,1.11973,5335.74,7.77989,0.473115,2.80765e-07,5.25573e-06,3.7708e-06,2.41092e-08,0.00838423,0.00907154,2090.87,0,0,0,0,0
6550,6.55,1.11383,5335.84,7.7433,0.47081,2.75506e-07,5.23012e-06,3.7707e-06,2.36576e-08,0.00838402,0.00890163,2090.81,0,0,0,0,0
6560,6.56,1.10799,5335.94,7.70713,0.468531,2.70345e-07,5.20481e-06,3.77061e-06,2.32145e-08,0.00838381,0.00873488,2090.76,0,0,0,0,0
6570,6.57,1.10223,5336.04,7.67137,0.466278,2.65283e-07,5.17978e-06,3.77051e-06,2.27797e-08,0.00838359,0.00857131,2090.71,0,0,0,0,0
6580,6.58,1.09652,5336.13,7.63603,0.464051,2.60315e-07,5.15504e-06,3.77042e-06,2.23531e-08,0.00838338,0.0084108,2090.66,0,0,0,0,0
6590,6.59,1.09089,5336.23,7.60108,0.46185,2.5544e-07,5.13058e-06,3.77032e-06,2.19345e-08,0.00838317,0.00825328,2090.6,0,0,0,0,0
6600,6.6,1.08532,5336.32,7.56654,0.459674,2.50656e-07,5.1064e-06,3.77023e-06,2.15237e-08,0.00838296,0.00809872,2090.55,0,0,0,0,0
6610,6.61,1.07981,5336.42,7.53239,0.457522,2.45962e-07,5.08249e-06,3.77013e-06,2.11207e-08,0.00838275,0.00794705,2090.5,0,0,0,0,0
6620,6.62,1.07436,5336.51,7.49863,0.455395,2.41356e-07,5.05886e-06,3.77004e-06,2.07251e-08,0.00838254,0.00779823,2090.44,0,0,0,0,0
6630,6.63,1.06898,5336.6,7.46526,0.453292,2.36836e-07,5.0355e-06,3.76994e-06,2.0337e-08,0.00838233,0.0076522,2090.39,0,0,0,0,0
6640,6.64,1.06366,5336.7,7.43226,0.451214,2.32401e-07,5.01241e-06,3.76985e-06,1.99562e-08,0.00838212,0.00750891,2090.34,0,0,0,0,0
6650,6.65,1.0584,5336.79,7.39965,0.449159,2.2805e-07,4.98958e-06,3.76975e-06,1.95826e-08,0.00838191,0.00736831,2090.29,0,0,0,0,0
6660,6.66,1.0532,5336.88,7.3674,0.447128,2.2378e-07,4.96701e-06,3.76966e-06,1.92159e-08,0.00838169,0.00723035,2090.23,0,0,0,0,0
6670,6.67,1.04805,5336.97,7.33553,0.445119,2.1959e-07,4.9447e-06,3.76956e-06,1.88561e-08,0.00838148,0.00709498,2090.18,0,0,0,0,0
6680,6.68,1.04297,5337.07,7.30402,0.443134,2.15479e-07,4.92264e-06,3.76947e-06,1.85031e-08,0.00838127,0.00696214,2090.13,0,0,0,0,0
6690,6.69,1.03795,5337.16,7.27286,0.441172,2.11444e-07,4.90083e-06,3.76937e-06,1.81566e-08,0.00838106,0.00683178,2090.08,0,0,0,0,0
6700,6.7,1.03298,5337.25,7.24207,0.439231,2.07484e-07,4.87928e-06,3.76928e-06,1.78166e-08,0.00838085,0.00670385,2090.02,0,0,0,0,0
6710,6.71,1.02807,5337.34,7.21162,0.437313,2.03599e-07,4.85796e-06,3.76918e-06,1.7483e-08,0.00838064,0.00657829,2089.97,0,0,0,0,0
6720,6.72,1.02322,5337.43,7.18152,0.435417,1.99785e-07,4.8369e-06,3.76908e-06,1.71555e-08,0.00838043,0.00645507,2089.92,0,0,0,0,0
6730,6.73,1.01842,5337.52,7.15176,0.433542,1.96043e-07,4.81607e-06,3.76899e-06,1.68341e-08,0.00838022,0.00633417,2089.86,0,0,0,0,0
6740,6.74,1.01367,5337.61,7.12235,0.431689,1.92372e-07,4.79548e-06,3.76889e-06,1.65189e-08,0.00838,0.00621555,2089.81,0,0,0,0,0
6750,6.75,1.00898,5337.69,7.09326,0.429857,1.88769e-07,4.77512e-06,3.7688e-06,1.62096e-08,0.00837979,0.00609915,2089.76,0,0,0,0,0
6760,6.76,1.00435,5337.78,7.06452,0.428046,1.85234e-07,4.755e-06,3.7687e-06,1.5906e-08,0.00837958,0.00598493,2089.71,0,0,0,0,0
6770,6.77,0.999762,5337.87,7.0361,0.426255,1.81765e-07,4.73511e-06,3.76861e-06,1.56081e-08,0.00837937,0.00587284,2089.65,0,0,0,0,0
6780,6.78,0.99523,5337.96,7.008,0.424485,1.78361e-07,4.71544e-06,3.76851e-06,1.53158e-08,0.00837916,0.00576286,2089.6,0,0,0,0,0
6790,6.79,0.990751,5338.04,6.98022,0.422735,1.75021e-07,4.696e-06,3.76842e-06,1.5029e-08,0.00837895,0.00565494,2089.55,0,0,0,0,0
6800,6.8,0.986323,5338.13,6.95276,0.421005,1.71743e-07,4.67678e-06,3.76832e-06,1.47476e-08,0.00837874,0.00554905,2089.5,0,0,0,0,0
6810,6.81,0.981945,5338.22,6.92562,0.419295,1.68527e-07,4.65778e-06,3.76823e-06,1.44714e-08,0.00837852,0.00544515,2089.44,0,0,0,0,0
6820,6.82,0.977617,5338.3,6.89878,0.417605,1.65372e-07,4.639e-06,3.76813e-06,1.42005e-08,0.00837831,0.00534319,2089.39,0,0,0,0,0
6830,6.83,0.973339,5338.39,6.87226,0.415933,1.62276e-07,4.62043e-06,3.76804e-06,1.39346e-08,0.0083781,0.00524315,2089.34,0,0,0,0,0
6840,6.84,0.969109,5338.47,6.84603,0.414281,1.59237e-07,4.60207e-06,3.76794e-06,1.36737e-08,0.00837789,0.00514499,2089.29,0,0,0,0,0
6850,6.85,0.964928,5338.56,6.8201,0.412648,1.56256e-07,4.58393e-06,3.76785e-06,1.34177e-08,0.00837768,0.00504866,2089.23,0,0,0,0,0
6860,6.86,0.960795,5338.64,6.79447,0.411033,1.5333e-07,4.56598e-06,3.76775e-06,1.31664e-08,0.00837747,0.00495413,2089.18,0,0,0,0,0
6870,6.87,0.956708,5338.72,6.76913,0.409437,1.50459e-07,4.54825e-06,3.76766e-06,1.29199e-08,0.00837726,0.00486136,2089.13,0,0,0,0,0
6880,6.88,0.952668,5338.81,6.74408,0.407858,1.47641e-07,4.53071e-06,3.76756e-06,1.26779e-08,0.00837705,0.00477031,2089.07,0,0,0,0,0
6890,6.89,0.948674,5338.89,6.71931,0.406298,1.44876e-07,4.51338e-06,3.76747e-06,1.24404e-08,0.00837683,0.00468095,2089.02,0,0,0,0,0
6900,6.9,0.944726,5338.97,6.69482,0.404756,1.42162e-07,4.49624e-06,3.76737e-06,1.22074e-08,0.00837662,0.00459327,2088.97,0,0,0,0,0
6910,6.91,0.940823,5339.06,6.67062,0.403231,1.395e-07,4.4793e-06,3.76728e-06,1.19788e-08,0.00837641,0.00450726,2088.92,0,0,0,0,0
6920,6.92,0.936964,5339.14,6.64669,0.401723,1.36887e-07,4.46255e-06,3.76718e-06,1.17545e-08,0.0083762,0.00442285,2088.86,0,0,0,0,0
6930,6.93,0.93315,5339.22,6.62303,0.400233,1.34324e-07,4.44599e-06,3.76709e-06,1.15344e-08,0.00837599,0.00434002,2088.81,0,0,0,0,0
6940,6.94,0.929379,5339.3,6.59965,0.39876,1.31808e-07,4.42963e-06,3.76699e-06,1.13183e-08,0.00837578,0.00425874,2088.76,0,0,0,0,0
6950,6.95,0.925651,5339.38,6.57653,0.397303,1.2934e-07,4.41344e-06,3.7669e-06,1.11064e-08,0.00837557,0.00417899,2088.71,0,0,0,0,0
6960,6.96,0.921965,5339.46,6.55367,0.395864,1.26918e-07,4.39745e-06,3.7668e-06,1.08984e-08,0.00837536,0.00410073,2088.65,0,0,0,0,0
6970,6.97,0.918322,5339.54,6.53108,0.39444,1.24541e-07,4.38163e-06,3.76671e-06,1.06943e-08,0.00837514,0.00402394,2088.6,0,0,0,0,0
6980,6.98,0.91472,5339.62,6.50874,0.393033,1.22209e-07,4.366e-06,3.76661e-06,1.04941e-08,0.00837493,0.00394859,2088.55,0,0,0,0,0
6990,6.99,0.911159,5339.7,6.48666,0.391642,1.19921e-07,4.35054e-06,3.76652e-06,1.02976e-08,0.00837472,0.00387465,2088.49,0,0,0,0,0
7000,7,0.907639,5339.78,6.46483,0.390267,1.17675e-07,4.33526e-06,3.76642e-06,1.01048e-08,0.00837451,0.00380211,2088.44,0,0,0,0,0
7010,7.01,0.904159,5339.86,6.44324,0.388907,1.15472e-07,4.32016e-06,3.76633e-06,9.91557e-09,0.0083743,0.00373092,2088.39,0,0,0,0,0
7020,7.02,0.900719,5339.94,6.42191,0.387563,1.1331e-07,4.30523e-06,3.76623e-06,9.72993e-09,0.00837409,0.00366107,2088.34,0,0,0,0,0
7030,7.03,0.897318,5340.02,6.40081,0.386234,1.11189e-07,4.29046e-06,3.76614e-06,9.54776e-09,0.00837388,0.00359253,2088.28,0,0,0,0,0
7040,7.04,0.893956,5340.1,6.37996,0.384921,1.09107e-07,4.27587e-06,3.76604e-06,9.36899e-09,0.00837366,0.00352526,2088.23,0,0,0,0,0
7050,7.05,0.890632,5340.18,6.35934,0.383622,1.07064e-07,4.26144e-06,3.76595e-06,9.19354e-09,0.00837345,0.00345924,2088.18,0,0,0,0,0
7060,7.06,0.887346,5340.25,6.33896,0.382338,1.05058e-07,4.24717e-06,3.76585e-06,9.02135e-09,0.00837324,0.00339445,2088.13,0,0,0,0,0
7070,7.07,0.884097,5340.33,6.31881,0.381068,1.0309e-07,4.23307e-06,3.76576e-06,8.85234e-09,0.00837303,0.00333086,2088.07,0,0,0,0,0
7080,7.08,0.880885,5340.41,6.29889,0.379814,1.01159e-07,4.21913e-06,3.76566e-06,8.68655e-09,0.00837282,0.00326848,2088.02,0,0,0,0,0
7090,7.09,0.87771,5340.49,6.2792,0.378573,9.92651e-08,4.20535e-06,3.76557e-06,8.52388e-09,0.00837261,0.00320727,2087.97,0,0,0,0,0
7100,7.1,0.874571,5340.56,6.25973,0.377347,9.74061e-08,4.19172e-06,3.76547e-06,8.36425e-09,0.0083724,0.00314721,2087.92,0,0,0,0,0
7110,7.11,0.871468,5340.64,6.24048,0.376134,9.55819e-08,4.17825e-06,3.76538e-06,8.2076e-09,0.00837219,0.00308827,2087.86,0,0,0,0,0
7120,7.12,0.8684,5340.71,6.22145,0.374936,9.37918e-08,4.16493e-06,3.76528e-06,8.05389e-09,0.00837197,0.00303043,2087.81,0,0,0,0,0
7130,7.13,0.865368,5340.79,6.20264,0.373751,9.20353e-08,4.15177e-06,3.76519e-06,7.90306e-09,0.00837176,0.00297368,2087.76,0,0,0,0,0
